kunta,hyvinvointialue,oma_uutisvirta,paikallislehti_syotteet,kunnan_uutisvirrat,hyvinvointialueen_uutisvirta,luokitus
Akaa,Pirkanmaan hyvinvointialue,kyllä,Akaan Seutu (https://akaanseutu.fi/feed/),,Hyvinvointialueen uutiset: Pirkanmaan hyvinvointialue (https://www.pirha.fi/ajankohtaista/pirha-nyt),own-news-flow
Alajärvi,Etelä-Pohjanmaan hyvinvointialue,ei,,,Hyvinvointialueen uutiset: Etelä-Pohjanmaan hyvinvointialue (https://www.hyvaep.fi/ajankohtaista/),wellbeing-area-news-only
Alavieska,Pohjois-Pohjanmaan hyvinvointialue,kyllä,,Alavieska uutiset (https://www.alavieska.fi/rss.xml),Hyvinvointialueen uutiset: Pohjois-Pohjanmaan hyvinvointialue (https://pohde.fi/ajankohtaista/),own-news-flow
Alavus,Etelä-Pohjanmaan hyvinvointialue,ei,,,Hyvinvointialueen uutiset: Etelä-Pohjanmaan hyvinvointialue (https://www.hyvaep.fi/ajankohtaista/),wellbeing-area-news-only
Asikkala,Päijät-Hämeen hyvinvointialue,kyllä,,Asikkala uutiset (https://asikkala.fi/feed/),Hyvinvointialueen uutiset: Päijät-Hämeen hyvinvointialue (https://paijatha.fi/ajankohtaista/),own-news-flow
Askola,Itä-Uudenmaan hyvinvointialue,kyllä,,Askola uutiset (https://askola.fi/feed/),Hyvinvointialueen uutiset: Itä-Uudenmaan hyvinvointialue (https://itauusimaa.fi/ajankohtaista/),own-news-flow
Aura,Varsinais-Suomen hyvinvointialue,kyllä,Auranmaan Viikkolehti (https://www.avl.fi/feed/),,Hyvinvointialueen uutiset: Varsinais-Suomen hyvinvointialue (https://www.varha.fi/fi/ajankohtaista),own-news-flow
Brändö,Ahvenanmaa,kyllä,,Brändö uutiset (https://www.brando.ax/feed/),Hyvinvointialueen uutiset: Ahvenanmaa (https://www.ahs.ax/nyheter),own-news-flow
Eckerö,Ahvenanmaa,ei,,,Hyvinvointialueen uutiset: Ahvenanmaa (https://www.ahs.ax/nyheter),wellbeing-area-news-only
Enonkoski,Etelä-Savon hyvinvointialue,kyllä,Puruvesi (https://www.puruvesi.net/feed/rss/),Enonkoski uutiset (https://enonkoski.fi/feed/),Hyvinvointialueen uutiset: Etelä-Savon hyvinvointialue (https://etelasavonha.fi/eloisa/uutiset/),own-news-flow
Enontekiö,Lapin hyvinvointialue,ei,,,Hyvinvointialueen uutiset: Lapin hyvinvointialue (https://lapha.fi/ajankohtaista),wellbeing-area-news-only
Espoo,Länsi-Uudenmaan hyvinvointialue,kyllä,,"Espoon uutiset (https://www.espoo.fi/fi/rss/news); Espoon artikkelit (https://www.espoo.fi/fi/rss/articles)",Hyvinvointialueen uutiset: Länsi-Uudenmaan hyvinvointialue (https://www.luvn.fi/fi/haku?q=&type=news),own-news-flow
Eura,Satakunnan hyvinvointialue,kyllä,,Eura uutiset (https://www.eura.fi/feed/),Hyvinvointialueen uutiset: Satakunnan hyvinvointialue (https://sata.fi/ajankohtaista/),own-news-flow
Eurajoki,Satakunnan hyvinvointialue,ei,,,Hyvinvointialueen uutiset: Satakunnan hyvinvointialue (https://sata.fi/ajankohtaista/),wellbeing-area-news-only
Evijärvi,Etelä-Pohjanmaan hyvinvointialue,ei,,,Hyvinvointialueen uutiset: Etelä-Pohjanmaan hyvinvointialue (https://www.hyvaep.fi/ajankohtaista/),wellbeing-area-news-only
Finström,Ahvenanmaa,kyllä,,Finström uutiset (https://www.finstrom.ax/rss.xml),Hyvinvointialueen uutiset: Ahvenanmaa (https://www.ahs.ax/nyheter),own-news-flow
Forssa,Kanta-Hämeen hyvinvointialue,ei,,,Hyvinvointialueen uutiset: Kanta-Hämeen hyvinvointialue (https://omahame.fi/uutiset),wellbeing-area-news-only
Föglö,Ahvenanmaa,ei,,,Hyvinvointialueen uutiset: Ahvenanmaa (https://www.ahs.ax/nyheter),wellbeing-area-news-only
Geta,Ahvenanmaa,ei,,,Hyvinvointialueen uutiset: Ahvenanmaa (https://www.ahs.ax/nyheter),wellbeing-area-news-only
Haapajärvi,Pohjois-Pohjanmaan hyvinvointialue,kyllä,,Haapajärvi uutiset (https://www.haapajarvi.fi/rss.xml),Hyvinvointialueen uutiset: Pohjois-Pohjanmaan hyvinvointialue (https://pohde.fi/ajankohtaista/),own-news-flow
Haapavesi,Pohjois-Pohjanmaan hyvinvointialue,kyllä,Haapavesi (lehti) (https://www.haapavesi-lehti.fi/feed),,Hyvinvointialueen uutiset: Pohjois-Pohjanmaan hyvinvointialue (https://pohde.fi/ajankohtaista/),own-news-flow
Hailuoto,Pohjois-Pohjanmaan hyvinvointialue,kyllä,,Hailuoto uutiset (https://hailuoto.fi/feed/),Hyvinvointialueen uutiset: Pohjois-Pohjanmaan hyvinvointialue (https://pohde.fi/ajankohtaista/),own-news-flow
Halsua,Keski-Pohjanmaan hyvinvointialue,kyllä,,Halsua uutiset (https://halsua.fi/feed/),Hyvinvointialueen uutiset: Keski-Pohjanmaan hyvinvointialue (https://soite.fi/soite/ajankohtaista/),own-news-flow
Hamina,Kymenlaakson hyvinvointialue,kyllä,,Hamina uutiset (https://www.hamina.fi/feed/),Hyvinvointialueen uutiset: Kymenlaakson hyvinvointialue (https://kymenhva.fi/kategoria/uutiset/),own-news-flow
Hammarland,Ahvenanmaa,ei,,,Hyvinvointialueen uutiset: Ahvenanmaa (https://www.ahs.ax/nyheter),wellbeing-area-news-only
Hankasalmi,Keski-Suomen hyvinvointialue,kyllä,,Hankasalmi uutiset (https://hankasalmi.fi/feed/),Hyvinvointialueen uutiset: Keski-Suomen hyvinvointialue (https://www.hyvaks.fi/uutiset),own-news-flow
Hanko,Länsi-Uudenmaan hyvinvointialue,kyllä,,Hanko uutiset (https://hanko.fi/feed/),Hyvinvointialueen uutiset: Länsi-Uudenmaan hyvinvointialue (https://www.luvn.fi/fi/haku?q=&type=news),own-news-flow
Harjavalta,Satakunnan hyvinvointialue,kyllä,,Harjavalta uutiset (https://www.harjavalta.fi/feed/),Hyvinvointialueen uutiset: Satakunnan hyvinvointialue (https://sata.fi/ajankohtaista/),own-news-flow
Hartola,Päijät-Hämeen hyvinvointialue,kyllä,,Hartola uutiset (https://hartola.fi/feed/),Hyvinvointialueen uutiset: Päijät-Hämeen hyvinvointialue (https://paijatha.fi/ajankohtaista/),own-news-flow
Hattula,Kanta-Hämeen hyvinvointialue,kyllä,,Hattula uutiset (https://hattula.fi/feed/),Hyvinvointialueen uutiset: Kanta-Hämeen hyvinvointialue (https://omahame.fi/uutiset),own-news-flow
Hausjärvi,Kanta-Hämeen hyvinvointialue,ei,,,Hyvinvointialueen uutiset: Kanta-Hämeen hyvinvointialue (https://omahame.fi/uutiset),wellbeing-area-news-only
Heinola,Päijät-Hämeen hyvinvointialue,kyllä,,Heinola uutiset (https://www.heinola.fi/feed/),Hyvinvointialueen uutiset: Päijät-Hämeen hyvinvointialue (https://paijatha.fi/ajankohtaista/),own-news-flow
Heinävesi,Pohjois-Karjalan hyvinvointialue,kyllä,Heinäveden Lehti (https://www.heinavedenlehti.fi/feed/rss),,Hyvinvointialueen uutiset: Pohjois-Karjalan hyvinvointialue (https://www.siunsote.fi/ajankohtaista/),own-news-flow
Helsinki,Helsingin kaupunki,kyllä,,Helsingin uutiset (https://www.hel.fi/fi/uutiset),Hyvinvointialueen uutiset: Helsingin kaupunki (https://www.hel.fi/fi/uutiset),own-news-flow
Hirvensalmi,Etelä-Savon hyvinvointialue,kyllä,,Hirvensalmi uutiset (https://www.hirvensalmi.fi/feed/),Hyvinvointialueen uutiset: Etelä-Savon hyvinvointialue (https://etelasavonha.fi/eloisa/uutiset/),own-news-flow
Hollola,Päijät-Hämeen hyvinvointialue,ei,,,Hyvinvointialueen uutiset: Päijät-Hämeen hyvinvointialue (https://paijatha.fi/ajankohtaista/),wellbeing-area-news-only
Huittinen,Satakunnan hyvinvointialue,kyllä,,Huittinen uutiset (https://www.huittinen.fi/feed/),Hyvinvointialueen uutiset: Satakunnan hyvinvointialue (https://sata.fi/ajankohtaista/),own-news-flow
Humppila,Kanta-Hämeen hyvinvointialue,ei,,,Hyvinvointialueen uutiset: Kanta-Hämeen hyvinvointialue (https://omahame.fi/uutiset),wellbeing-area-news-only
Hyrynsalmi,Kainuun hyvinvointialue,kyllä,,Hyrynsalmi uutiset (https://hyrynsalmi.fi/feed/),Hyvinvointialueen uutiset: Kainuun hyvinvointialue (https://hyvinvointialue.kainuu.fi/tiedotteet),own-news-flow
Hyvinkää,Keski-Uudenmaan hyvinvointialue,ei,,,Hyvinvointialueen uutiset: Keski-Uudenmaan hyvinvointialue (https://www.keusote.fi/ajankohtaista/),wellbeing-area-news-only
Hämeenkyrö,Pirkanmaan hyvinvointialue,kyllä,Hämeenkyrön Sanomat (https://hameenkyronsanomat.fi/feed/),,Hyvinvointialueen uutiset: Pirkanmaan hyvinvointialue (https://www.pirha.fi/ajankohtaista/pirha-nyt),own-news-flow
Hämeenlinna,Kanta-Hämeen hyvinvointialue,kyllä,,Hämeenlinna uutiset (https://www.hameenlinna.fi/feed/),Hyvinvointialueen uutiset: Kanta-Hämeen hyvinvointialue (https://omahame.fi/uutiset),own-news-flow
Ii,Pohjois-Pohjanmaan hyvinvointialue,kyllä,,Ii uutiset (https://www.ii.fi/rss.xml),Hyvinvointialueen uutiset: Pohjois-Pohjanmaan hyvinvointialue (https://pohde.fi/ajankohtaista/),own-news-flow
Iisalmi,Pohjois-Savon hyvinvointialue,kyllä,,Iisalmi uutiset (https://iisalmi.fi/feed/),Hyvinvointialueen uutiset: Pohjois-Savon hyvinvointialue (https://pshyvinvointialue.fi/fi/ajankohtaiset),own-news-flow
Iitti,Päijät-Hämeen hyvinvointialue,ei,,,Hyvinvointialueen uutiset: Päijät-Hämeen hyvinvointialue (https://paijatha.fi/ajankohtaista/),wellbeing-area-news-only
Ikaalinen,Pirkanmaan hyvinvointialue,kyllä,,Ikaalinen uutiset (https://ikaalinen.fi/feed/),Hyvinvointialueen uutiset: Pirkanmaan hyvinvointialue (https://www.pirha.fi/ajankohtaista/pirha-nyt),own-news-flow
Ilmajoki,Etelä-Pohjanmaan hyvinvointialue,kyllä,Ilmajoki-lehti (https://www.ilmajoki-lehti.fi/feed/),,Hyvinvointialueen uutiset: Etelä-Pohjanmaan hyvinvointialue (https://www.hyvaep.fi/ajankohtaista/),own-news-flow
Ilomantsi,Pohjois-Karjalan hyvinvointialue,kyllä,,Ilomantsi uutiset (https://www.ilomantsi.fi/feed/),Hyvinvointialueen uutiset: Pohjois-Karjalan hyvinvointialue (https://www.siunsote.fi/ajankohtaista/),own-news-flow
Imatra,Etelä-Karjalan hyvinvointialue,kyllä,,Imatra uutiset (https://www.imatra.fi/rss.xml),Hyvinvointialueen uutiset: Etelä-Karjalan hyvinvointialue (https://www.ekhva.fi/hyvinvointialue/ajankohtaista/),own-news-flow
Inari,Lapin hyvinvointialue,ei,,,Hyvinvointialueen uutiset: Lapin hyvinvointialue (https://lapha.fi/ajankohtaista),wellbeing-area-news-only
Inkoo,Länsi-Uudenmaan hyvinvointialue,kyllä,,Inkoo uutiset (https://www.inga.fi/feed/),Hyvinvointialueen uutiset: Länsi-Uudenmaan hyvinvointialue (https://www.luvn.fi/fi/haku?q=&type=news),own-news-flow
Isojoki,Etelä-Pohjanmaan hyvinvointialue,kyllä,,Isojoki uutiset (https://isojoki.fi/feed/),Hyvinvointialueen uutiset: Etelä-Pohjanmaan hyvinvointialue (https://www.hyvaep.fi/ajankohtaista/),own-news-flow
Isokyrö,Etelä-Pohjanmaan hyvinvointialue,ei,,,Hyvinvointialueen uutiset: Etelä-Pohjanmaan hyvinvointialue (https://www.hyvaep.fi/ajankohtaista/),wellbeing-area-news-only
Janakkala,Kanta-Hämeen hyvinvointialue,kyllä,,Janakkala uutiset (https://www.janakkala.fi/feed/),Hyvinvointialueen uutiset: Kanta-Hämeen hyvinvointialue (https://omahame.fi/uutiset),own-news-flow
Joensuu,Pohjois-Karjalan hyvinvointialue,kyllä,,Joensuu uutiset (https://www.joensuu.fi/feed/),Hyvinvointialueen uutiset: Pohjois-Karjalan hyvinvointialue (https://www.siunsote.fi/ajankohtaista/),own-news-flow
Jokioinen,Kanta-Hämeen hyvinvointialue,ei,,,Hyvinvointialueen uutiset: Kanta-Hämeen hyvinvointialue (https://omahame.fi/uutiset),wellbeing-area-news-only
Jomala,Ahvenanmaa,ei,,,Hyvinvointialueen uutiset: Ahvenanmaa (https://www.ahs.ax/nyheter),wellbeing-area-news-only
Joroinen,Pohjois-Savon hyvinvointialue,kyllä,,Joroinen uutiset (https://www.joroinen.fi/category/uutiset/feed/),Hyvinvointialueen uutiset: Pohjois-Savon hyvinvointialue (https://pshyvinvointialue.fi/fi/ajankohtaiset),own-news-flow
Joutsa,Keski-Suomen hyvinvointialue,kyllä,,Joutsa uutiset (https://www.joutsa.fi/feed/),Hyvinvointialueen uutiset: Keski-Suomen hyvinvointialue (https://www.hyvaks.fi/uutiset),own-news-flow
Juuka,Pohjois-Karjalan hyvinvointialue,kyllä,,Juuka uutiset (https://www.juuka.fi/feed/),Hyvinvointialueen uutiset: Pohjois-Karjalan hyvinvointialue (https://www.siunsote.fi/ajankohtaista/),own-news-flow
Juupajoki,Pirkanmaan hyvinvointialue,kyllä,,Juupajoki uutiset (https://juupajoki.fi/feed/),Hyvinvointialueen uutiset: Pirkanmaan hyvinvointialue (https://www.pirha.fi/ajankohtaista/pirha-nyt),own-news-flow
Juva,Etelä-Savon hyvinvointialue,kyllä,Juvan Lehti (https://www.juvanlehti.fi/feed/rss),,Hyvinvointialueen uutiset: Etelä-Savon hyvinvointialue (https://etelasavonha.fi/eloisa/uutiset/),own-news-flow
Jyväskylä,Keski-Suomen hyvinvointialue,kyllä,,Jyväskylä uutiset (https://www.jyvaskyla.fi/rss.xml),Hyvinvointialueen uutiset: Keski-Suomen hyvinvointialue (https://www.hyvaks.fi/uutiset),own-news-flow
Jämijärvi,Satakunnan hyvinvointialue,ei,,,Hyvinvointialueen uutiset: Satakunnan hyvinvointialue (https://sata.fi/ajankohtaista/),wellbeing-area-news-only
Jämsä,Keski-Suomen hyvinvointialue,ei,,,Hyvinvointialueen uutiset: Keski-Suomen hyvinvointialue (https://www.hyvaks.fi/uutiset),wellbeing-area-news-only
Järvenpää,Keski-Uudenmaan hyvinvointialue,kyllä,,Järvenpää uutiset (https://www.jarvenpaa.fi/feed),Hyvinvointialueen uutiset: Keski-Uudenmaan hyvinvointialue (https://www.keusote.fi/ajankohtaista/),own-news-flow
Kaarina,Varsinais-Suomen hyvinvointialue,kyllä,"Kaarina-lehti (https://www.kaarina-lehti.fi/feed/); Kunnallislehti Paimio-Sauvo-Kaarina (https://www.kuntsari.fi/feed/)",,Hyvinvointialueen uutiset: Varsinais-Suomen hyvinvointialue (https://www.varha.fi/fi/ajankohtaista),own-news-flow
Kaavi,Pohjois-Savon hyvinvointialue,kyllä,Koillis-Savo (https://www.koillis-savo.fi/feed/rss/),Kaavi uutiset (https://kaavi.fi/feed/),Hyvinvointialueen uutiset: Pohjois-Savon hyvinvointialue (https://pshyvinvointialue.fi/fi/ajankohtaiset),own-news-flow
Kajaani,Kainuun hyvinvointialue,kyllä,,Kajaani uutiset (https://kajaani.fi/feed/),Hyvinvointialueen uutiset: Kainuun hyvinvointialue (https://hyvinvointialue.kainuu.fi/tiedotteet),own-news-flow
Kalajoki,Pohjois-Pohjanmaan hyvinvointialue,kyllä,Kalajoen Seutu (https://kalajoenseutu.net/feed/),,Hyvinvointialueen uutiset: Pohjois-Pohjanmaan hyvinvointialue (https://pohde.fi/ajankohtaista/),own-news-flow
Kangasala,Pirkanmaan hyvinvointialue,kyllä,"Kangasalan Sanomat (https://kangasalansanomat.fi/feed/); Sydän-Hämeen Lehti (https://shl.fi/feed/)",,Hyvinvointialueen uutiset: Pirkanmaan hyvinvointialue (https://www.pirha.fi/ajankohtaista/pirha-nyt),own-news-flow
Kangasniemi,Etelä-Savon hyvinvointialue,kyllä,Kangasniemen Kunnallislehti (https://www.kangasniemenlehti.fi/feed/rss),,Hyvinvointialueen uutiset: Etelä-Savon hyvinvointialue (https://etelasavonha.fi/eloisa/uutiset/),own-news-flow
Kankaanpää,Satakunnan hyvinvointialue,kyllä,,Kankaanpää uutiset (https://www.kankaanpaa.fi/feed/),Hyvinvointialueen uutiset: Satakunnan hyvinvointialue (https://sata.fi/ajankohtaista/),own-news-flow
Kannonkoski,Keski-Suomen hyvinvointialue,kyllä,Sampo (https://www.sampolehti.fi/feed/rss/),Kannonkoski uutiset (https://kannonkoski.fi/rss.xml),Hyvinvointialueen uutiset: Keski-Suomen hyvinvointialue (https://www.hyvaks.fi/uutiset),own-news-flow
Kannus,Keski-Pohjanmaan hyvinvointialue,kyllä,,Kannus uutiset (https://kannus.fi/feed/),Hyvinvointialueen uutiset: Keski-Pohjanmaan hyvinvointialue (https://soite.fi/soite/ajankohtaista/),own-news-flow
Karijoki,Etelä-Pohjanmaan hyvinvointialue,kyllä,,Karijoki uutiset (https://karijoki.fi/feed/),Hyvinvointialueen uutiset: Etelä-Pohjanmaan hyvinvointialue (https://www.hyvaep.fi/ajankohtaista/),own-news-flow
Karkkila,Länsi-Uudenmaan hyvinvointialue,kyllä,Karkkilan Tienoo (https://www.karkkilalainen.fi/feed/rss),,Hyvinvointialueen uutiset: Länsi-Uudenmaan hyvinvointialue (https://www.luvn.fi/fi/haku?q=&type=news),own-news-flow
Karstula,Keski-Suomen hyvinvointialue,kyllä,,Karstula uutiset (https://karstula.fi/feed/),Hyvinvointialueen uutiset: Keski-Suomen hyvinvointialue (https://www.hyvaks.fi/uutiset),own-news-flow
Karvia,Satakunnan hyvinvointialue,kyllä,,Karvia uutiset (https://karvia.fi/feed/),Hyvinvointialueen uutiset: Satakunnan hyvinvointialue (https://sata.fi/ajankohtaista/),own-news-flow
Kaskinen,Pohjanmaan hyvinvointialue,kyllä,,Kaskinen uutiset (https://kaskinen.fi/fi/rss.xml),Hyvinvointialueen uutiset: Pohjanmaan hyvinvointialue (https://pohjanmaanhyvinvointi.fi/tietoa-meista/ajankohtaista/uutiset/),own-news-flow
Kauhajoki,Etelä-Pohjanmaan hyvinvointialue,kyllä,,Kauhajoki uutiset (https://kauhajoki.fi/feed/),Hyvinvointialueen uutiset: Etelä-Pohjanmaan hyvinvointialue (https://www.hyvaep.fi/ajankohtaista/),own-news-flow
Kauhava,Etelä-Pohjanmaan hyvinvointialue,kyllä,,Kauhava uutiset (https://kauhava.fi/feed/),Hyvinvointialueen uutiset: Etelä-Pohjanmaan hyvinvointialue (https://www.hyvaep.fi/ajankohtaista/),own-news-flow
Kauniainen,Länsi-Uudenmaan hyvinvointialue,kyllä,,Kauniainen uutiset (https://www.kauniainen.fi/feed/),Hyvinvointialueen uutiset: Länsi-Uudenmaan hyvinvointialue (https://www.luvn.fi/fi/haku?q=&type=news),own-news-flow
Kaustinen,Keski-Pohjanmaan hyvinvointialue,kyllä,,Kaustinen uutiset (https://kaustinen.fi/feed/),Hyvinvointialueen uutiset: Keski-Pohjanmaan hyvinvointialue (https://soite.fi/soite/ajankohtaista/),own-news-flow
Keitele,Pohjois-Savon hyvinvointialue,kyllä,Pielavesi-Keitele (https://www.pielavesi-keitele.fi/feed/rss),,Hyvinvointialueen uutiset: Pohjois-Savon hyvinvointialue (https://pshyvinvointialue.fi/fi/ajankohtaiset),own-news-flow
Kemi,Lapin hyvinvointialue,kyllä,,Kemi uutiset (https://www.kemi.fi/feed/),Hyvinvointialueen uutiset: Lapin hyvinvointialue (https://lapha.fi/ajankohtaista),own-news-flow
Kemijärvi,Lapin hyvinvointialue,kyllä,,Kemijärvi uutiset (https://kemijarvi.fi/feed/),Hyvinvointialueen uutiset: Lapin hyvinvointialue (https://lapha.fi/ajankohtaista),own-news-flow
Keminmaa,Lapin hyvinvointialue,ei,,,Hyvinvointialueen uutiset: Lapin hyvinvointialue (https://lapha.fi/ajankohtaista),wellbeing-area-news-only
Kemiönsaari,Varsinais-Suomen hyvinvointialue,kyllä,Annonsbladet (https://annonsbladet.fi/feed/),,Hyvinvointialueen uutiset: Varsinais-Suomen hyvinvointialue (https://www.varha.fi/fi/ajankohtaista),own-news-flow
Kempele,Pohjois-Pohjanmaan hyvinvointialue,kyllä,,Kempele uutiset (https://kempele.fi/feed/),Hyvinvointialueen uutiset: Pohjois-Pohjanmaan hyvinvointialue (https://pohde.fi/ajankohtaista/),own-news-flow
Kerava,Vantaan ja Keravan hyvinvointialue,ei,,,Hyvinvointialueen uutiset: Vantaan ja Keravan hyvinvointialue (https://vakehyva.fi/fi/ajankohtaista),wellbeing-area-news-only
Keuruu,Keski-Suomen hyvinvointialue,kyllä,,Keuruu uutiset (https://keuruu.fi/feed/),Hyvinvointialueen uutiset: Keski-Suomen hyvinvointialue (https://www.hyvaks.fi/uutiset),own-news-flow
Kihniö,Pirkanmaan hyvinvointialue,ei,,,Hyvinvointialueen uutiset: Pirkanmaan hyvinvointialue (https://www.pirha.fi/ajankohtaista/pirha-nyt),wellbeing-area-news-only
Kinnula,Keski-Suomen hyvinvointialue,ei,,,Hyvinvointialueen uutiset: Keski-Suomen hyvinvointialue (https://www.hyvaks.fi/uutiset),wellbeing-area-news-only
Kirkkonummi,Länsi-Uudenmaan hyvinvointialue,kyllä,,Kirkkonummi uutiset (https://kyrkslatt.fi/feed/),Hyvinvointialueen uutiset: Länsi-Uudenmaan hyvinvointialue (https://www.luvn.fi/fi/haku?q=&type=news),own-news-flow
Kitee,Pohjois-Karjalan hyvinvointialue,kyllä,Puruvesi (https://www.puruvesi.net/feed/rss/),,Hyvinvointialueen uutiset: Pohjois-Karjalan hyvinvointialue (https://www.siunsote.fi/ajankohtaista/),own-news-flow
Kittilä,Lapin hyvinvointialue,kyllä,,Kittilä uutiset (https://kittila.fi/rss.xml),Hyvinvointialueen uutiset: Lapin hyvinvointialue (https://lapha.fi/ajankohtaista),own-news-flow
Kiuruvesi,Pohjois-Savon hyvinvointialue,kyllä,Kiuruvesi-lehti (https://kiuruvesilehti.fi/feed/),,Hyvinvointialueen uutiset: Pohjois-Savon hyvinvointialue (https://pshyvinvointialue.fi/fi/ajankohtaiset),own-news-flow
Kivijärvi,Keski-Suomen hyvinvointialue,kyllä,,Kivijärvi uutiset (https://www.kivijarvi.fi/rss.xml),Hyvinvointialueen uutiset: Keski-Suomen hyvinvointialue (https://www.hyvaks.fi/uutiset),own-news-flow
Kokemäki,Satakunnan hyvinvointialue,kyllä,Kokemäkeläinen (http://kokemakelainen.net/feed/),,Hyvinvointialueen uutiset: Satakunnan hyvinvointialue (https://sata.fi/ajankohtaista/),own-news-flow
Kokkola,Keski-Pohjanmaan hyvinvointialue,kyllä,,Kokkola uutiset (https://www.kokkola.fi/feed/),Hyvinvointialueen uutiset: Keski-Pohjanmaan hyvinvointialue (https://soite.fi/soite/ajankohtaista/),own-news-flow
Kolari,Lapin hyvinvointialue,ei,,,Hyvinvointialueen uutiset: Lapin hyvinvointialue (https://lapha.fi/ajankohtaista),wellbeing-area-news-only
Konnevesi,Keski-Suomen hyvinvointialue,kyllä,Laukaa-Konnevesi (https://www.laukaa-konnevesi.fi/feed/rss),,Hyvinvointialueen uutiset: Keski-Suomen hyvinvointialue (https://www.hyvaks.fi/uutiset),own-news-flow
Kontiolahti,Pohjois-Karjalan hyvinvointialue,kyllä,,Kontiolahti uutiset (https://www.kontiolahti.fi/feed/),Hyvinvointialueen uutiset: Pohjois-Karjalan hyvinvointialue (https://www.siunsote.fi/ajankohtaista/),own-news-flow
Korsnäs,Pohjanmaan hyvinvointialue,kyllä,,Korsnäs uutiset (https://www.korsnas.fi/feed/),Hyvinvointialueen uutiset: Pohjanmaan hyvinvointialue (https://pohjanmaanhyvinvointi.fi/tietoa-meista/ajankohtaista/uutiset/),own-news-flow
Koski Tl,Varsinais-Suomen hyvinvointialue,kyllä,Auranmaan Viikkolehti (https://www.avl.fi/feed/),Koski Tl uutiset (https://koski.fi/feed/),Hyvinvointialueen uutiset: Varsinais-Suomen hyvinvointialue (https://www.varha.fi/fi/ajankohtaista),own-news-flow
Kotka,Kymenlaakson hyvinvointialue,kyllä,,Kotka uutiset (https://www.kotka.fi/feed/),Hyvinvointialueen uutiset: Kymenlaakson hyvinvointialue (https://kymenhva.fi/kategoria/uutiset/),own-news-flow
Kouvola,Kymenlaakson hyvinvointialue,kyllä,,Kouvola uutiset (https://www.kouvola.fi/feed/),Hyvinvointialueen uutiset: Kymenlaakson hyvinvointialue (https://kymenhva.fi/kategoria/uutiset/),own-news-flow
Kristiinankaupunki,Pohjanmaan hyvinvointialue,ei,,,Hyvinvointialueen uutiset: Pohjanmaan hyvinvointialue (https://pohjanmaanhyvinvointi.fi/tietoa-meista/ajankohtaista/uutiset/),wellbeing-area-news-only
Kruunupyy,Pohjanmaan hyvinvointialue,ei,,,Hyvinvointialueen uutiset: Pohjanmaan hyvinvointialue (https://pohjanmaanhyvinvointi.fi/tietoa-meista/ajankohtaista/uutiset/),wellbeing-area-news-only
Kuhmo,Kainuun hyvinvointialue,kyllä,Kuhmolainen (https://www.kuhmolainen.fi/feed),,Hyvinvointialueen uutiset: Kainuun hyvinvointialue (https://hyvinvointialue.kainuu.fi/tiedotteet),own-news-flow
Kuhmoinen,Pirkanmaan hyvinvointialue,ei,,,Hyvinvointialueen uutiset: Pirkanmaan hyvinvointialue (https://www.pirha.fi/ajankohtaista/pirha-nyt),wellbeing-area-news-only
Kumlinge,Ahvenanmaa,ei,,,Hyvinvointialueen uutiset: Ahvenanmaa (https://www.ahs.ax/nyheter),wellbeing-area-news-only
Kuopio,Pohjois-Savon hyvinvointialue,kyllä,,Kuopio uutiset (https://www.kuopio.fi/feed/),Hyvinvointialueen uutiset: Pohjois-Savon hyvinvointialue (https://pshyvinvointialue.fi/fi/ajankohtaiset),own-news-flow
Kuortane,Etelä-Pohjanmaan hyvinvointialue,kyllä,,Kuortane uutiset (https://kuortane.fi/feed/),Hyvinvointialueen uutiset: Etelä-Pohjanmaan hyvinvointialue (https://www.hyvaep.fi/ajankohtaista/),own-news-flow
Kurikka,Etelä-Pohjanmaan hyvinvointialue,kyllä,,Kurikka uutiset (https://kurikka.fi/feed/),Hyvinvointialueen uutiset: Etelä-Pohjanmaan hyvinvointialue (https://www.hyvaep.fi/ajankohtaista/),own-news-flow
Kustavi,Varsinais-Suomen hyvinvointialue,kyllä,,Kustavi uutiset (https://kustavi.fi/feed/),Hyvinvointialueen uutiset: Varsinais-Suomen hyvinvointialue (https://www.varha.fi/fi/ajankohtaista),own-news-flow
Kuusamo,Pohjois-Pohjanmaan hyvinvointialue,ei,,,Hyvinvointialueen uutiset: Pohjois-Pohjanmaan hyvinvointialue (https://pohde.fi/ajankohtaista/),wellbeing-area-news-only
Kyyjärvi,Keski-Suomen hyvinvointialue,kyllä,,Kyyjärvi uutiset (https://www.kyyjarvi.fi/rss.xml),Hyvinvointialueen uutiset: Keski-Suomen hyvinvointialue (https://www.hyvaks.fi/uutiset),own-news-flow
Kärkölä,Päijät-Hämeen hyvinvointialue,kyllä,,Kärkölä uutiset (https://karkola.fi/feed/),Hyvinvointialueen uutiset: Päijät-Hämeen hyvinvointialue (https://paijatha.fi/ajankohtaista/),own-news-flow
Kärsämäki,Pohjois-Pohjanmaan hyvinvointialue,ei,,,Hyvinvointialueen uutiset: Pohjois-Pohjanmaan hyvinvointialue (https://pohde.fi/ajankohtaista/),wellbeing-area-news-only
Kökar,Ahvenanmaa,kyllä,,Kökar uutiset (https://www.kokar.ax/blog-feed.xml),Hyvinvointialueen uutiset: Ahvenanmaa (https://www.ahs.ax/nyheter),own-news-flow
Lahti,Päijät-Hämeen hyvinvointialue,kyllä,,Lahti uutiset (https://www.lahti.fi/feed/),Hyvinvointialueen uutiset: Päijät-Hämeen hyvinvointialue (https://paijatha.fi/ajankohtaista/),own-news-flow
Laihia,Pohjanmaan hyvinvointialue,kyllä,,Laihia uutiset (https://laihia.fi/feed/),Hyvinvointialueen uutiset: Pohjanmaan hyvinvointialue (https://pohjanmaanhyvinvointi.fi/tietoa-meista/ajankohtaista/uutiset/),own-news-flow
Laitila,Varsinais-Suomen hyvinvointialue,kyllä,Laitilan Sanomat (https://www.laitilansanomat.fi/feed/),,Hyvinvointialueen uutiset: Varsinais-Suomen hyvinvointialue (https://www.varha.fi/fi/ajankohtaista),own-news-flow
Lapinjärvi,Itä-Uudenmaan hyvinvointialue,kyllä,,Lapinjärvi uutiset (https://lapinjarvi.fi/feed/),Hyvinvointialueen uutiset: Itä-Uudenmaan hyvinvointialue (https://itauusimaa.fi/ajankohtaista/),own-news-flow
Lapinlahti,Pohjois-Savon hyvinvointialue,ei,,,Hyvinvointialueen uutiset: Pohjois-Savon hyvinvointialue (https://pshyvinvointialue.fi/fi/ajankohtaiset),wellbeing-area-news-only
Lappajärvi,Etelä-Pohjanmaan hyvinvointialue,kyllä,,Lappajärvi uutiset (https://lappajarvi.fi/feed/),Hyvinvointialueen uutiset: Etelä-Pohjanmaan hyvinvointialue (https://www.hyvaep.fi/ajankohtaista/),own-news-flow
Lappeenranta,Etelä-Karjalan hyvinvointialue,ei,,,Hyvinvointialueen uutiset: Etelä-Karjalan hyvinvointialue (https://www.ekhva.fi/hyvinvointialue/ajankohtaista/),wellbeing-area-news-only
Lapua,Etelä-Pohjanmaan hyvinvointialue,ei,,,Hyvinvointialueen uutiset: Etelä-Pohjanmaan hyvinvointialue (https://www.hyvaep.fi/ajankohtaista/),wellbeing-area-news-only
Laukaa,Keski-Suomen hyvinvointialue,kyllä,Laukaa-Konnevesi (https://www.laukaa-konnevesi.fi/feed/rss),,Hyvinvointialueen uutiset: Keski-Suomen hyvinvointialue (https://www.hyvaks.fi/uutiset),own-news-flow
Lemi,Etelä-Karjalan hyvinvointialue,kyllä,,Lemi uutiset (https://lemi.fi/feed/),Hyvinvointialueen uutiset: Etelä-Karjalan hyvinvointialue (https://www.ekhva.fi/hyvinvointialue/ajankohtaista/),own-news-flow
Lemland,Ahvenanmaa,ei,,,Hyvinvointialueen uutiset: Ahvenanmaa (https://www.ahs.ax/nyheter),wellbeing-area-news-only
Lempäälä,Pirkanmaan hyvinvointialue,kyllä,Lempäälän-Vesilahden Sanomat (https://lvs.fi/feed/),,Hyvinvointialueen uutiset: Pirkanmaan hyvinvointialue (https://www.pirha.fi/ajankohtaista/pirha-nyt),own-news-flow
Leppävirta,Pohjois-Savon hyvinvointialue,kyllä,,Leppävirta uutiset (https://leppavirta.fi/feed/),Hyvinvointialueen uutiset: Pohjois-Savon hyvinvointialue (https://pshyvinvointialue.fi/fi/ajankohtaiset),own-news-flow
Lestijärvi,Keski-Pohjanmaan hyvinvointialue,kyllä,,Lestijärvi uutiset (https://lestijarvi.fi/feed/),Hyvinvointialueen uutiset: Keski-Pohjanmaan hyvinvointialue (https://soite.fi/soite/ajankohtaista/),own-news-flow
Lieksa,Pohjois-Karjalan hyvinvointialue,kyllä,Lieksan Lehti (https://www.lieksanlehti.fi/feed/rss),,Hyvinvointialueen uutiset: Pohjois-Karjalan hyvinvointialue (https://www.siunsote.fi/ajankohtaista/),own-news-flow
Lieto,Varsinais-Suomen hyvinvointialue,kyllä,,Lieto uutiset (https://www.lieto.fi/feed/),Hyvinvointialueen uutiset: Varsinais-Suomen hyvinvointialue (https://www.varha.fi/fi/ajankohtaista),own-news-flow
Liminka,Pohjois-Pohjanmaan hyvinvointialue,kyllä,,Liminka uutiset (https://www.liminka.fi/feed/),Hyvinvointialueen uutiset: Pohjois-Pohjanmaan hyvinvointialue (https://pohde.fi/ajankohtaista/),own-news-flow
Liperi,Pohjois-Karjalan hyvinvointialue,kyllä,Kotiseutu-uutiset (https://kotiseutu-uutiset.com/feed/),Liperi uutiset (https://www.liperi.fi/feed/),Hyvinvointialueen uutiset: Pohjois-Karjalan hyvinvointialue (https://www.siunsote.fi/ajankohtaista/),own-news-flow
Lohja,Länsi-Uudenmaan hyvinvointialue,kyllä,,Lohja uutiset (https://www.lohja.fi/feed/),Hyvinvointialueen uutiset: Länsi-Uudenmaan hyvinvointialue (https://www.luvn.fi/fi/haku?q=&type=news),own-news-flow
Loimaa,Varsinais-Suomen hyvinvointialue,kyllä,Loimaan Lehti (https://www.loimaanlehti.fi/feed/),,Hyvinvointialueen uutiset: Varsinais-Suomen hyvinvointialue (https://www.varha.fi/fi/ajankohtaista),own-news-flow
Loppi,Kanta-Hämeen hyvinvointialue,kyllä,Lopen Lehti (https://www.lopenlehti.fi/feed/rss),,Hyvinvointialueen uutiset: Kanta-Hämeen hyvinvointialue (https://omahame.fi/uutiset),own-news-flow
Loviisa,Itä-Uudenmaan hyvinvointialue,kyllä,"Nya Östis (https://www.nyaostis.fi/feed/); Loviisan Sanomat (https://www.loviisansanomat.fi/feed/rss)",,Hyvinvointialueen uutiset: Itä-Uudenmaan hyvinvointialue (https://itauusimaa.fi/ajankohtaista/),own-news-flow
Luhanka,Keski-Suomen hyvinvointialue,kyllä,,Luhanka uutiset (https://www.luhanka.fi/feed/),Hyvinvointialueen uutiset: Keski-Suomen hyvinvointialue (https://www.hyvaks.fi/uutiset),own-news-flow
Lumijoki,Pohjois-Pohjanmaan hyvinvointialue,kyllä,,Lumijoki uutiset (https://www.lumijoki.fi/feed/),Hyvinvointialueen uutiset: Pohjois-Pohjanmaan hyvinvointialue (https://pohde.fi/ajankohtaista/),own-news-flow
Lumparland,Ahvenanmaa,ei,,,Hyvinvointialueen uutiset: Ahvenanmaa (https://www.ahs.ax/nyheter),wellbeing-area-news-only
Luoto,Pohjanmaan hyvinvointialue,kyllä,,Luoto uutiset (https://larsmo.fi/feed/),Hyvinvointialueen uutiset: Pohjanmaan hyvinvointialue (https://pohjanmaanhyvinvointi.fi/tietoa-meista/ajankohtaista/uutiset/),own-news-flow
Luumäki,Etelä-Karjalan hyvinvointialue,ei,,,Hyvinvointialueen uutiset: Etelä-Karjalan hyvinvointialue (https://www.ekhva.fi/hyvinvointialue/ajankohtaista/),wellbeing-area-news-only
Maalahti,Pohjanmaan hyvinvointialue,ei,,,Hyvinvointialueen uutiset: Pohjanmaan hyvinvointialue (https://pohjanmaanhyvinvointi.fi/tietoa-meista/ajankohtaista/uutiset/),wellbeing-area-news-only
Maarianhamina - Mariehamn,Ahvenanmaa,ei,,,Hyvinvointialueen uutiset: Ahvenanmaa (https://www.ahs.ax/nyheter),wellbeing-area-news-only
Marttila,Varsinais-Suomen hyvinvointialue,kyllä,Auranmaan Viikkolehti (https://www.avl.fi/feed/),,Hyvinvointialueen uutiset: Varsinais-Suomen hyvinvointialue (https://www.varha.fi/fi/ajankohtaista),own-news-flow
Masku,Varsinais-Suomen hyvinvointialue,kyllä,,Masku uutiset (https://masku.fi/feed),Hyvinvointialueen uutiset: Varsinais-Suomen hyvinvointialue (https://www.varha.fi/fi/ajankohtaista),own-news-flow
Merijärvi,Pohjois-Pohjanmaan hyvinvointialue,ei,,,Hyvinvointialueen uutiset: Pohjois-Pohjanmaan hyvinvointialue (https://pohde.fi/ajankohtaista/),wellbeing-area-news-only
Merikarvia,Satakunnan hyvinvointialue,kyllä,,Merikarvia uutiset (https://merikarvia.fi/feed/),Hyvinvointialueen uutiset: Satakunnan hyvinvointialue (https://sata.fi/ajankohtaista/),own-news-flow
Miehikkälä,Kymenlaakson hyvinvointialue,kyllä,Kaakonkulma (https://www.kaakonkulma.fi/feed/rss/),,Hyvinvointialueen uutiset: Kymenlaakson hyvinvointialue (https://kymenhva.fi/kategoria/uutiset/),own-news-flow
Mikkeli,Etelä-Savon hyvinvointialue,kyllä,,Mikkeli uutiset (https://mikkeli.fi/feed/),Hyvinvointialueen uutiset: Etelä-Savon hyvinvointialue (https://etelasavonha.fi/eloisa/uutiset/),own-news-flow
Muhos,Pohjois-Pohjanmaan hyvinvointialue,kyllä,,Muhos uutiset (https://muhos.fi/feed/),Hyvinvointialueen uutiset: Pohjois-Pohjanmaan hyvinvointialue (https://pohde.fi/ajankohtaista/),own-news-flow
Multia,Keski-Suomen hyvinvointialue,ei,,,Hyvinvointialueen uutiset: Keski-Suomen hyvinvointialue (https://www.hyvaks.fi/uutiset),wellbeing-area-news-only
Muonio,Lapin hyvinvointialue,ei,,,Hyvinvointialueen uutiset: Lapin hyvinvointialue (https://lapha.fi/ajankohtaista),wellbeing-area-news-only
Mustasaari,Pohjanmaan hyvinvointialue,kyllä,,Mustasaari uutiset (https://korsholm.fi/feed),Hyvinvointialueen uutiset: Pohjanmaan hyvinvointialue (https://pohjanmaanhyvinvointi.fi/tietoa-meista/ajankohtaista/uutiset/),own-news-flow
Muurame,Keski-Suomen hyvinvointialue,kyllä,,Muurame uutiset (https://www.muurame.fi/feed/),Hyvinvointialueen uutiset: Keski-Suomen hyvinvointialue (https://www.hyvaks.fi/uutiset),own-news-flow
Mynämäki,Varsinais-Suomen hyvinvointialue,kyllä,,Mynämäki uutiset (https://www.mynamaki.fi/feed/),Hyvinvointialueen uutiset: Varsinais-Suomen hyvinvointialue (https://www.varha.fi/fi/ajankohtaista),own-news-flow
Myrskylä,Itä-Uudenmaan hyvinvointialue,kyllä,,Myrskylä uutiset (https://myrskyla.fi/feed/),Hyvinvointialueen uutiset: Itä-Uudenmaan hyvinvointialue (https://itauusimaa.fi/ajankohtaista/),own-news-flow
Mäntsälä,Keski-Uudenmaan hyvinvointialue,kyllä,,Mäntsälä uutiset (https://www.mantsala.fi/feed/),Hyvinvointialueen uutiset: Keski-Uudenmaan hyvinvointialue (https://www.keusote.fi/ajankohtaista/),own-news-flow
Mänttä-Vilppula,Pirkanmaan hyvinvointialue,ei,,,Hyvinvointialueen uutiset: Pirkanmaan hyvinvointialue (https://www.pirha.fi/ajankohtaista/pirha-nyt),wellbeing-area-news-only
Mäntyharju,Etelä-Savon hyvinvointialue,kyllä,,Mäntyharju uutiset (https://www.mantyharju.fi/feed/),Hyvinvointialueen uutiset: Etelä-Savon hyvinvointialue (https://etelasavonha.fi/eloisa/uutiset/),own-news-flow
Naantali,Varsinais-Suomen hyvinvointialue,kyllä,,Naantali uutiset (https://www.naantali.fi/fi/news/rss.xml),Hyvinvointialueen uutiset: Varsinais-Suomen hyvinvointialue (https://www.varha.fi/fi/ajankohtaista),own-news-flow
Nakkila,Satakunnan hyvinvointialue,ei,,,Hyvinvointialueen uutiset: Satakunnan hyvinvointialue (https://sata.fi/ajankohtaista/),wellbeing-area-news-only
Nivala,Pohjois-Pohjanmaan hyvinvointialue,kyllä,Nivala (lehti) (https://www.nivala-lehti.fi/feed),,Hyvinvointialueen uutiset: Pohjois-Pohjanmaan hyvinvointialue (https://pohde.fi/ajankohtaista/),own-news-flow
Nokia,Pirkanmaan hyvinvointialue,kyllä,,Nokia uutiset (https://www.nokiankaupunki.fi/feed/),Hyvinvointialueen uutiset: Pirkanmaan hyvinvointialue (https://www.pirha.fi/ajankohtaista/pirha-nyt),own-news-flow
Nousiainen,Varsinais-Suomen hyvinvointialue,kyllä,,Nousiainen uutiset (https://nousiainen.fi/feed/),Hyvinvointialueen uutiset: Varsinais-Suomen hyvinvointialue (https://www.varha.fi/fi/ajankohtaista),own-news-flow
Nurmes,Pohjois-Karjalan hyvinvointialue,kyllä,,Nurmes uutiset (https://www.nurmes.fi/feed/),Hyvinvointialueen uutiset: Pohjois-Karjalan hyvinvointialue (https://www.siunsote.fi/ajankohtaista/),own-news-flow
Nurmijärvi,Keski-Uudenmaan hyvinvointialue,kyllä,,Nurmijärvi uutiset (https://www.nurmijarvi.fi/feed/),Hyvinvointialueen uutiset: Keski-Uudenmaan hyvinvointialue (https://www.keusote.fi/ajankohtaista/),own-news-flow
Närpiö,Pohjanmaan hyvinvointialue,kyllä,,Närpiö uutiset (https://www.narpes.fi/feed/),Hyvinvointialueen uutiset: Pohjanmaan hyvinvointialue (https://pohjanmaanhyvinvointi.fi/tietoa-meista/ajankohtaista/uutiset/),own-news-flow
Orimattila,Päijät-Hämeen hyvinvointialue,kyllä,,Orimattila uutiset (https://orimattila.fi/feed/),Hyvinvointialueen uutiset: Päijät-Hämeen hyvinvointialue (https://paijatha.fi/ajankohtaista/),own-news-flow
Oripää,Varsinais-Suomen hyvinvointialue,kyllä,Auranmaan Viikkolehti (https://www.avl.fi/feed/),Oripää uutiset (https://oripaa.fi/feed/),Hyvinvointialueen uutiset: Varsinais-Suomen hyvinvointialue (https://www.varha.fi/fi/ajankohtaista),own-news-flow
Orivesi,Pirkanmaan hyvinvointialue,kyllä,Oriveden Sanomat (https://orivedensanomat.fi/feed/),,Hyvinvointialueen uutiset: Pirkanmaan hyvinvointialue (https://www.pirha.fi/ajankohtaista/pirha-nyt),own-news-flow
Oulainen,Pohjois-Pohjanmaan hyvinvointialue,kyllä,,Oulainen uutiset (https://www.oulainen.fi/rss.xml),Hyvinvointialueen uutiset: Pohjois-Pohjanmaan hyvinvointialue (https://pohde.fi/ajankohtaista/),own-news-flow
Oulu,Pohjois-Pohjanmaan hyvinvointialue,kyllä,Kaleva: Oulun seutu (https://kaleva.fi/feedit/rss/managed-listing/oulun-seutu/),Oulun kaupungin uutiset (https://www.ouka.fi/news/feed?audience=All&region=All&topic=All),Hyvinvointialueen uutiset: Pohjois-Pohjanmaan hyvinvointialue (https://pohde.fi/ajankohtaista/),own-news-flow
Outokumpu,Pohjois-Karjalan hyvinvointialue,kyllä,Outokummun Seutu (https://www.outokummunseutu.fi/feed/rss),,Hyvinvointialueen uutiset: Pohjois-Karjalan hyvinvointialue (https://www.siunsote.fi/ajankohtaista/),own-news-flow
Padasjoki,Päijät-Hämeen hyvinvointialue,kyllä,,Padasjoki uutiset (https://www.padasjoki.fi/feed),Hyvinvointialueen uutiset: Päijät-Hämeen hyvinvointialue (https://paijatha.fi/ajankohtaista/),own-news-flow
Paimio,Varsinais-Suomen hyvinvointialue,kyllä,Kunnallislehti Paimio-Sauvo-Kaarina (https://www.kuntsari.fi/feed/),,Hyvinvointialueen uutiset: Varsinais-Suomen hyvinvointialue (https://www.varha.fi/fi/ajankohtaista),own-news-flow
Paltamo,Kainuun hyvinvointialue,ei,,,Hyvinvointialueen uutiset: Kainuun hyvinvointialue (https://hyvinvointialue.kainuu.fi/tiedotteet),wellbeing-area-news-only
Parainen,Varsinais-Suomen hyvinvointialue,kyllä,Pargas Kungörelser - Paraisten Kuulutukset (https://www.pku.fi/feed/),,Hyvinvointialueen uutiset: Varsinais-Suomen hyvinvointialue (https://www.varha.fi/fi/ajankohtaista),own-news-flow
Parikkala,Etelä-Karjalan hyvinvointialue,kyllä,Parikkalan-Rautjärven Sanomat (https://www.prsanomat.fi/feed/rss),,Hyvinvointialueen uutiset: Etelä-Karjalan hyvinvointialue (https://www.ekhva.fi/hyvinvointialue/ajankohtaista/),own-news-flow
Parkano,Pirkanmaan hyvinvointialue,kyllä,,Parkano uutiset (https://parkano.fi/feed/),Hyvinvointialueen uutiset: Pirkanmaan hyvinvointialue (https://www.pirha.fi/ajankohtaista/pirha-nyt),own-news-flow
Pedersören kunta,Pohjanmaan hyvinvointialue,ei,,,Hyvinvointialueen uutiset: Pohjanmaan hyvinvointialue (https://pohjanmaanhyvinvointi.fi/tietoa-meista/ajankohtaista/uutiset/),wellbeing-area-news-only
Pelkosenniemi,Lapin hyvinvointialue,kyllä,,Pelkosenniemi uutiset (https://pelkosenniemi.fi/feed/),Hyvinvointialueen uutiset: Lapin hyvinvointialue (https://lapha.fi/ajankohtaista),own-news-flow
Pello,Lapin hyvinvointialue,ei,,,Hyvinvointialueen uutiset: Lapin hyvinvointialue (https://lapha.fi/ajankohtaista),wellbeing-area-news-only
Perho,Keski-Pohjanmaan hyvinvointialue,kyllä,,Perho uutiset (https://perho.com/feed/),Hyvinvointialueen uutiset: Keski-Pohjanmaan hyvinvointialue (https://soite.fi/soite/ajankohtaista/),own-news-flow
Petäjävesi,Keski-Suomen hyvinvointialue,kyllä,,Petäjävesi uutiset (https://www.petajavesi.fi/feed/),Hyvinvointialueen uutiset: Keski-Suomen hyvinvointialue (https://www.hyvaks.fi/uutiset),own-news-flow
Pieksämäki,Etelä-Savon hyvinvointialue,kyllä,,Pieksämäki uutiset (https://www.pieksamaki.fi/feed/),Hyvinvointialueen uutiset: Etelä-Savon hyvinvointialue (https://etelasavonha.fi/eloisa/uutiset/),own-news-flow
Pielavesi,Pohjois-Savon hyvinvointialue,kyllä,Pielavesi-Keitele (https://www.pielavesi-keitele.fi/feed/rss),,Hyvinvointialueen uutiset: Pohjois-Savon hyvinvointialue (https://pshyvinvointialue.fi/fi/ajankohtaiset),own-news-flow
Pietarsaari,Pohjanmaan hyvinvointialue,kyllä,Pietarsaaren Sanomat (https://www.pietarsaarensanomat.fi/feed),,Hyvinvointialueen uutiset: Pohjanmaan hyvinvointialue (https://pohjanmaanhyvinvointi.fi/tietoa-meista/ajankohtaista/uutiset/),own-news-flow
Pihtipudas,Keski-Suomen hyvinvointialue,kyllä,,Pihtipudas uutiset (https://pihtipudas.fi/feed/),Hyvinvointialueen uutiset: Keski-Suomen hyvinvointialue (https://www.hyvaks.fi/uutiset),own-news-flow
Pirkkala,Pirkanmaan hyvinvointialue,kyllä,Pirkkalainen (https://pirkkalainen.fi/feed/),,Hyvinvointialueen uutiset: Pirkanmaan hyvinvointialue (https://www.pirha.fi/ajankohtaista/pirha-nyt),own-news-flow
Polvijärvi,Pohjois-Karjalan hyvinvointialue,ei,,,Hyvinvointialueen uutiset: Pohjois-Karjalan hyvinvointialue (https://www.siunsote.fi/ajankohtaista/),wellbeing-area-news-only
Pomarkku,Satakunnan hyvinvointialue,kyllä,,Pomarkku uutiset (https://www.pomarkku.fi/feed/),Hyvinvointialueen uutiset: Satakunnan hyvinvointialue (https://sata.fi/ajankohtaista/),own-news-flow
Pori,Satakunnan hyvinvointialue,kyllä,,Pori uutiset (https://www.pori.fi/feed/),Hyvinvointialueen uutiset: Satakunnan hyvinvointialue (https://sata.fi/ajankohtaista/),own-news-flow
Pornainen,Keski-Uudenmaan hyvinvointialue,kyllä,,Pornainen uutiset (https://pornainen.fi/feed/),Hyvinvointialueen uutiset: Keski-Uudenmaan hyvinvointialue (https://www.keusote.fi/ajankohtaista/),own-news-flow
Porvoo,Itä-Uudenmaan hyvinvointialue,kyllä,,Porvoo uutiset (https://www.porvoo.fi/feed/),Hyvinvointialueen uutiset: Itä-Uudenmaan hyvinvointialue (https://itauusimaa.fi/ajankohtaista/),own-news-flow
Posio,Lapin hyvinvointialue,kyllä,,Posio uutiset (https://www.posio.fi/feed/),Hyvinvointialueen uutiset: Lapin hyvinvointialue (https://lapha.fi/ajankohtaista),own-news-flow
Pudasjärvi,Pohjois-Pohjanmaan hyvinvointialue,ei,,,Hyvinvointialueen uutiset: Pohjois-Pohjanmaan hyvinvointialue (https://pohde.fi/ajankohtaista/),wellbeing-area-news-only
Pukkila,Itä-Uudenmaan hyvinvointialue,ei,,,Hyvinvointialueen uutiset: Itä-Uudenmaan hyvinvointialue (https://itauusimaa.fi/ajankohtaista/),wellbeing-area-news-only
Punkalaidun,Pirkanmaan hyvinvointialue,ei,,,Hyvinvointialueen uutiset: Pirkanmaan hyvinvointialue (https://www.pirha.fi/ajankohtaista/pirha-nyt),wellbeing-area-news-only
Puolanka,Kainuun hyvinvointialue,kyllä,,Puolanka uutiset (https://puolanka.fi/feed/),Hyvinvointialueen uutiset: Kainuun hyvinvointialue (https://hyvinvointialue.kainuu.fi/tiedotteet),own-news-flow
Puumala,Etelä-Savon hyvinvointialue,kyllä,,Puumala uutiset (https://puumala.fi/feed/),Hyvinvointialueen uutiset: Etelä-Savon hyvinvointialue (https://etelasavonha.fi/eloisa/uutiset/),own-news-flow
Pyhtää,Kymenlaakson hyvinvointialue,kyllä,,Pyhtää uutiset (https://pyhtaa.fi/fi/rss.xml),Hyvinvointialueen uutiset: Kymenlaakson hyvinvointialue (https://kymenhva.fi/kategoria/uutiset/),own-news-flow
Pyhäjoki,Pohjois-Pohjanmaan hyvinvointialue,kyllä,,Pyhäjoki uutiset (https://www.pyhajoki.fi/rss.xml),Hyvinvointialueen uutiset: Pohjois-Pohjanmaan hyvinvointialue (https://pohde.fi/ajankohtaista/),own-news-flow
Pyhäjärvi,Pohjois-Pohjanmaan hyvinvointialue,kyllä,Pyhäjärven Sanomat (https://pyhajarvensanomat.fi/feed/),,Hyvinvointialueen uutiset: Pohjois-Pohjanmaan hyvinvointialue (https://pohde.fi/ajankohtaista/),own-news-flow
Pyhäntä,Pohjois-Pohjanmaan hyvinvointialue,kyllä,,Pyhäntä uutiset (https://www.pyhanta.fi/rss.xml),Hyvinvointialueen uutiset: Pohjois-Pohjanmaan hyvinvointialue (https://pohde.fi/ajankohtaista/),own-news-flow
Pyhäranta,Varsinais-Suomen hyvinvointialue,kyllä,,Pyhäranta uutiset (https://www.pyharanta.fi/feed/),Hyvinvointialueen uutiset: Varsinais-Suomen hyvinvointialue (https://www.varha.fi/fi/ajankohtaista),own-news-flow
Pälkäne,Pirkanmaan hyvinvointialue,kyllä,Sydän-Hämeen Lehti (https://shl.fi/feed/),Pälkäne uutiset (https://www.palkane.fi/feed/),Hyvinvointialueen uutiset: Pirkanmaan hyvinvointialue (https://www.pirha.fi/ajankohtaista/pirha-nyt),own-news-flow
Pöytyä,Varsinais-Suomen hyvinvointialue,kyllä,Auranmaan Viikkolehti (https://www.avl.fi/feed/),,Hyvinvointialueen uutiset: Varsinais-Suomen hyvinvointialue (https://www.varha.fi/fi/ajankohtaista),own-news-flow
Raahe,Pohjois-Pohjanmaan hyvinvointialue,kyllä,,Raahe uutiset (https://www.raahe.fi/rss.xml),Hyvinvointialueen uutiset: Pohjois-Pohjanmaan hyvinvointialue (https://pohde.fi/ajankohtaista/),own-news-flow
Raasepori,Länsi-Uudenmaan hyvinvointialue,kyllä,,Raasepori uutiset (https://www.raseborg.fi/feed/),Hyvinvointialueen uutiset: Länsi-Uudenmaan hyvinvointialue (https://www.luvn.fi/fi/haku?q=&type=news),own-news-flow
Raisio,Varsinais-Suomen hyvinvointialue,kyllä,,Raisio uutiset (https://raisio.fi/fi/rss.xml?q=/fi/rss.xml),Hyvinvointialueen uutiset: Varsinais-Suomen hyvinvointialue (https://www.varha.fi/fi/ajankohtaista),own-news-flow
Rantasalmi,Etelä-Savon hyvinvointialue,kyllä,,Rantasalmi uutiset (https://rantasalmi.fi/feed/),Hyvinvointialueen uutiset: Etelä-Savon hyvinvointialue (https://etelasavonha.fi/eloisa/uutiset/),own-news-flow
Ranua,Lapin hyvinvointialue,kyllä,,Ranua uutiset (https://ranua.fi/feed/),Hyvinvointialueen uutiset: Lapin hyvinvointialue (https://lapha.fi/ajankohtaista),own-news-flow
Rauma,Satakunnan hyvinvointialue,kyllä,,Rauma uutiset (https://www.rauma.fi/feed/),Hyvinvointialueen uutiset: Satakunnan hyvinvointialue (https://sata.fi/ajankohtaista/),own-news-flow
Rautalampi,Pohjois-Savon hyvinvointialue,kyllä,Paikallislehti Sisä-Savo (https://www.sisa-savolehti.fi/feed/rss/),Rautalampi uutiset (https://www.rautalampi.fi/feed/),Hyvinvointialueen uutiset: Pohjois-Savon hyvinvointialue (https://pshyvinvointialue.fi/fi/ajankohtaiset),own-news-flow
Rautavaara,Pohjois-Savon hyvinvointialue,ei,,,Hyvinvointialueen uutiset: Pohjois-Savon hyvinvointialue (https://pshyvinvointialue.fi/fi/ajankohtaiset),wellbeing-area-news-only
Rautjärvi,Etelä-Karjalan hyvinvointialue,kyllä,Parikkalan-Rautjärven Sanomat (https://www.prsanomat.fi/feed/rss),,Hyvinvointialueen uutiset: Etelä-Karjalan hyvinvointialue (https://www.ekhva.fi/hyvinvointialue/ajankohtaista/),own-news-flow
Reisjärvi,Pohjois-Pohjanmaan hyvinvointialue,kyllä,,Reisjärvi uutiset (https://www.reisjarvi.fi/rss.xml),Hyvinvointialueen uutiset: Pohjois-Pohjanmaan hyvinvointialue (https://pohde.fi/ajankohtaista/),own-news-flow
Riihimäki,Kanta-Hämeen hyvinvointialue,ei,,,Hyvinvointialueen uutiset: Kanta-Hämeen hyvinvointialue (https://omahame.fi/uutiset),wellbeing-area-news-only
Ristijärvi,Kainuun hyvinvointialue,ei,,,Hyvinvointialueen uutiset: Kainuun hyvinvointialue (https://hyvinvointialue.kainuu.fi/tiedotteet),wellbeing-area-news-only
Rovaniemi,Lapin hyvinvointialue,ei,,,Hyvinvointialueen uutiset: Lapin hyvinvointialue (https://lapha.fi/ajankohtaista),wellbeing-area-news-only
Ruokolahti,Etelä-Karjalan hyvinvointialue,ei,,,Hyvinvointialueen uutiset: Etelä-Karjalan hyvinvointialue (https://www.ekhva.fi/hyvinvointialue/ajankohtaista/),wellbeing-area-news-only
Ruovesi,Pirkanmaan hyvinvointialue,kyllä,,Ruovesi uutiset (https://www.ruovesi.fi/tiedotteet?rss=true),Hyvinvointialueen uutiset: Pirkanmaan hyvinvointialue (https://www.pirha.fi/ajankohtaista/pirha-nyt),own-news-flow
Rusko,Varsinais-Suomen hyvinvointialue,kyllä,,Rusko uutiset (https://rusko.fi/feed/),Hyvinvointialueen uutiset: Varsinais-Suomen hyvinvointialue (https://www.varha.fi/fi/ajankohtaista),own-news-flow
Rääkkylä,Pohjois-Karjalan hyvinvointialue,kyllä,Kotiseutu-uutiset (https://kotiseutu-uutiset.com/feed/),Rääkkylä uutiset (https://www.raakkyla.fi/feed/),Hyvinvointialueen uutiset: Pohjois-Karjalan hyvinvointialue (https://www.siunsote.fi/ajankohtaista/),own-news-flow
Saarijärvi,Keski-Suomen hyvinvointialue,kyllä,Sampo (https://www.sampolehti.fi/feed/rss/),,Hyvinvointialueen uutiset: Keski-Suomen hyvinvointialue (https://www.hyvaks.fi/uutiset),own-news-flow
Salla,Lapin hyvinvointialue,kyllä,,Salla uutiset (https://www.salla.fi/feed/),Hyvinvointialueen uutiset: Lapin hyvinvointialue (https://lapha.fi/ajankohtaista),own-news-flow
Salo,Varsinais-Suomen hyvinvointialue,kyllä,Perniönseudun Lehti (https://www.pernionseudunlehti.fi/feed/rss/),,Hyvinvointialueen uutiset: Varsinais-Suomen hyvinvointialue (https://www.varha.fi/fi/ajankohtaista),own-news-flow
Saltvik,Ahvenanmaa,ei,,,Hyvinvointialueen uutiset: Ahvenanmaa (https://www.ahs.ax/nyheter),wellbeing-area-news-only
Sastamala,Pirkanmaan hyvinvointialue,kyllä,,Sastamala uutiset (https://sastamala.fi/feed/),Hyvinvointialueen uutiset: Pirkanmaan hyvinvointialue (https://www.pirha.fi/ajankohtaista/pirha-nyt),own-news-flow
Sauvo,Varsinais-Suomen hyvinvointialue,kyllä,Kunnallislehti Paimio-Sauvo-Kaarina (https://www.kuntsari.fi/feed/),,Hyvinvointialueen uutiset: Varsinais-Suomen hyvinvointialue (https://www.varha.fi/fi/ajankohtaista),own-news-flow
Savitaipale,Etelä-Karjalan hyvinvointialue,ei,,,Hyvinvointialueen uutiset: Etelä-Karjalan hyvinvointialue (https://www.ekhva.fi/hyvinvointialue/ajankohtaista/),wellbeing-area-news-only
Savonlinna,Etelä-Savon hyvinvointialue,kyllä,Puruvesi (https://www.puruvesi.net/feed/rss/),Savonlinna uutiset (https://www.savonlinna.fi/feed/),Hyvinvointialueen uutiset: Etelä-Savon hyvinvointialue (https://etelasavonha.fi/eloisa/uutiset/),own-news-flow
Savukoski,Lapin hyvinvointialue,ei,,,Hyvinvointialueen uutiset: Lapin hyvinvointialue (https://lapha.fi/ajankohtaista),wellbeing-area-news-only
Seinäjoki,Etelä-Pohjanmaan hyvinvointialue,kyllä,,Seinäjoki uutiset (https://www.seinajoki.fi/feed/),Hyvinvointialueen uutiset: Etelä-Pohjanmaan hyvinvointialue (https://www.hyvaep.fi/ajankohtaista/),own-news-flow
Sievi,Pohjois-Pohjanmaan hyvinvointialue,kyllä,,Sievi uutiset (https://www.sievi.fi/rss.xml),Hyvinvointialueen uutiset: Pohjois-Pohjanmaan hyvinvointialue (https://pohde.fi/ajankohtaista/),own-news-flow
Siikainen,Satakunnan hyvinvointialue,kyllä,,Siikainen uutiset (https://siikainen.fi/feed/),Hyvinvointialueen uutiset: Satakunnan hyvinvointialue (https://sata.fi/ajankohtaista/),own-news-flow
Siikajoki,Pohjois-Pohjanmaan hyvinvointialue,kyllä,,Siikajoki uutiset (https://www.siikajoki.fi/rss.xml),Hyvinvointialueen uutiset: Pohjois-Pohjanmaan hyvinvointialue (https://pohde.fi/ajankohtaista/),own-news-flow
Siikalatva,Pohjois-Pohjanmaan hyvinvointialue,kyllä,,Siikalatva uutiset (https://siikalatva.fi/feed/),Hyvinvointialueen uutiset: Pohjois-Pohjanmaan hyvinvointialue (https://pohde.fi/ajankohtaista/),own-news-flow
Siilinjärvi,Pohjois-Savon hyvinvointialue,kyllä,,Siilinjärvi uutiset (https://siilinjarvi.fi/feed/),Hyvinvointialueen uutiset: Pohjois-Savon hyvinvointialue (https://pshyvinvointialue.fi/fi/ajankohtaiset),own-news-flow
Simo,Lapin hyvinvointialue,ei,,,Hyvinvointialueen uutiset: Lapin hyvinvointialue (https://lapha.fi/ajankohtaista),wellbeing-area-news-only
Sipoo,Itä-Uudenmaan hyvinvointialue,kyllä,,Sipoo uutiset (https://www.sipoo.fi/feed/),Hyvinvointialueen uutiset: Itä-Uudenmaan hyvinvointialue (https://itauusimaa.fi/ajankohtaista/),own-news-flow
Siuntio,Länsi-Uudenmaan hyvinvointialue,kyllä,,Siuntio uutiset (https://www.siuntio.fi/feed/),Hyvinvointialueen uutiset: Länsi-Uudenmaan hyvinvointialue (https://www.luvn.fi/fi/haku?q=&type=news),own-news-flow
Sodankylä,Lapin hyvinvointialue,ei,,,Hyvinvointialueen uutiset: Lapin hyvinvointialue (https://lapha.fi/ajankohtaista),wellbeing-area-news-only
Soini,Etelä-Pohjanmaan hyvinvointialue,ei,,,Hyvinvointialueen uutiset: Etelä-Pohjanmaan hyvinvointialue (https://www.hyvaep.fi/ajankohtaista/),wellbeing-area-news-only
Somero,Varsinais-Suomen hyvinvointialue,kyllä,Somero (lehti) (https://www.somerolehti.fi/feed/),,Hyvinvointialueen uutiset: Varsinais-Suomen hyvinvointialue (https://www.varha.fi/fi/ajankohtaista),own-news-flow
Sonkajärvi,Pohjois-Savon hyvinvointialue,ei,,,Hyvinvointialueen uutiset: Pohjois-Savon hyvinvointialue (https://pshyvinvointialue.fi/fi/ajankohtaiset),wellbeing-area-news-only
Sotkamo,Kainuun hyvinvointialue,kyllä,Sotkamo-lehti (https://www.sotkamolehti.fi/feed),,Hyvinvointialueen uutiset: Kainuun hyvinvointialue (https://hyvinvointialue.kainuu.fi/tiedotteet),own-news-flow
Sottunga,Ahvenanmaa,ei,,,Hyvinvointialueen uutiset: Ahvenanmaa (https://www.ahs.ax/nyheter),wellbeing-area-news-only
Sulkava,Etelä-Savon hyvinvointialue,kyllä,Sulkava-lehti (https://sulkavalehti.fi/feed/),,Hyvinvointialueen uutiset: Etelä-Savon hyvinvointialue (https://etelasavonha.fi/eloisa/uutiset/),own-news-flow
Sund,Ahvenanmaa,ei,,,Hyvinvointialueen uutiset: Ahvenanmaa (https://www.ahs.ax/nyheter),wellbeing-area-news-only
Suomussalmi,Kainuun hyvinvointialue,ei,,,Hyvinvointialueen uutiset: Kainuun hyvinvointialue (https://hyvinvointialue.kainuu.fi/tiedotteet),wellbeing-area-news-only
Suonenjoki,Pohjois-Savon hyvinvointialue,kyllä,Paikallislehti Sisä-Savo (https://www.sisa-savolehti.fi/feed/rss/),Suonenjoki uutiset (https://suonenjoki.fi/feed/),Hyvinvointialueen uutiset: Pohjois-Savon hyvinvointialue (https://pshyvinvointialue.fi/fi/ajankohtaiset),own-news-flow
Sysmä,Päijät-Hämeen hyvinvointialue,kyllä,,Sysmä uutiset (https://sysma.fi/feed/),Hyvinvointialueen uutiset: Päijät-Hämeen hyvinvointialue (https://paijatha.fi/ajankohtaista/),own-news-flow
Säkylä,Satakunnan hyvinvointialue,kyllä,,Säkylä uutiset (https://www.sakyla.fi/feed/),Hyvinvointialueen uutiset: Satakunnan hyvinvointialue (https://sata.fi/ajankohtaista/),own-news-flow
Taipalsaari,Etelä-Karjalan hyvinvointialue,ei,,,Hyvinvointialueen uutiset: Etelä-Karjalan hyvinvointialue (https://www.ekhva.fi/hyvinvointialue/ajankohtaista/),wellbeing-area-news-only
Taivalkoski,Pohjois-Pohjanmaan hyvinvointialue,kyllä,,Taivalkoski uutiset (https://taivalkoski.fi/feed/),Hyvinvointialueen uutiset: Pohjois-Pohjanmaan hyvinvointialue (https://pohde.fi/ajankohtaista/),own-news-flow
Taivassalo,Varsinais-Suomen hyvinvointialue,ei,,,Hyvinvointialueen uutiset: Varsinais-Suomen hyvinvointialue (https://www.varha.fi/fi/ajankohtaista),wellbeing-area-news-only
Tammela,Kanta-Hämeen hyvinvointialue,kyllä,,Tammela uutiset (https://www.tammela.fi/rss.xml),Hyvinvointialueen uutiset: Kanta-Hämeen hyvinvointialue (https://omahame.fi/uutiset),own-news-flow
Tampere,Pirkanmaan hyvinvointialue,kyllä,,"Tampereen uutiset (https://www.tampere.fi/ajankohtaista/uutiset.xml); Tampereen artikkelit (https://www.tampere.fi/ajankohtaista/artikkelit.xml); Tampereen ilmoitukset (https://www.tampere.fi/ajankohtaista/ilmoitukset.xml)",Hyvinvointialueen uutiset: Pirkanmaan hyvinvointialue (https://www.pirha.fi/ajankohtaista/pirha-nyt),own-news-flow
Tervo,Pohjois-Savon hyvinvointialue,kyllä,Paikallislehti Sisä-Savo (https://www.sisa-savolehti.fi/feed/rss/),,Hyvinvointialueen uutiset: Pohjois-Savon hyvinvointialue (https://pshyvinvointialue.fi/fi/ajankohtaiset),own-news-flow
Tervola,Lapin hyvinvointialue,ei,,,Hyvinvointialueen uutiset: Lapin hyvinvointialue (https://lapha.fi/ajankohtaista),wellbeing-area-news-only
Teuva,Etelä-Pohjanmaan hyvinvointialue,kyllä,,Teuva uutiset (https://teuva.fi/feed/),Hyvinvointialueen uutiset: Etelä-Pohjanmaan hyvinvointialue (https://www.hyvaep.fi/ajankohtaista/),own-news-flow
Tohmajärvi,Pohjois-Karjalan hyvinvointialue,ei,,,Hyvinvointialueen uutiset: Pohjois-Karjalan hyvinvointialue (https://www.siunsote.fi/ajankohtaista/),wellbeing-area-news-only
Toholampi,Keski-Pohjanmaan hyvinvointialue,kyllä,,Toholampi uutiset (https://www.toholampi.fi/feed/),Hyvinvointialueen uutiset: Keski-Pohjanmaan hyvinvointialue (https://soite.fi/soite/ajankohtaista/),own-news-flow
Toivakka,Keski-Suomen hyvinvointialue,kyllä,,Toivakka uutiset (https://www.toivakka.fi/feed/),Hyvinvointialueen uutiset: Keski-Suomen hyvinvointialue (https://www.hyvaks.fi/uutiset),own-news-flow
Tornio,Lapin hyvinvointialue,kyllä,,Tornio uutiset (https://www.tornio.fi/feed/),Hyvinvointialueen uutiset: Lapin hyvinvointialue (https://lapha.fi/ajankohtaista),own-news-flow
Turku,Varsinais-Suomen hyvinvointialue,ei,,,Hyvinvointialueen uutiset: Varsinais-Suomen hyvinvointialue (https://www.varha.fi/fi/ajankohtaista),wellbeing-area-news-only
Tuusniemi,Pohjois-Savon hyvinvointialue,kyllä,Koillis-Savo (https://www.koillis-savo.fi/feed/rss/),,Hyvinvointialueen uutiset: Pohjois-Savon hyvinvointialue (https://pshyvinvointialue.fi/fi/ajankohtaiset),own-news-flow
Tuusula,Keski-Uudenmaan hyvinvointialue,kyllä,,Tuusula uutiset (https://tuusula.fi/feed/),Hyvinvointialueen uutiset: Keski-Uudenmaan hyvinvointialue (https://www.keusote.fi/ajankohtaista/),own-news-flow
Tyrnävä,Pohjois-Pohjanmaan hyvinvointialue,ei,,,Hyvinvointialueen uutiset: Pohjois-Pohjanmaan hyvinvointialue (https://pohde.fi/ajankohtaista/),wellbeing-area-news-only
Ulvila,Satakunnan hyvinvointialue,kyllä,,Ulvila uutiset (https://www.ulvila.fi/feed/),Hyvinvointialueen uutiset: Satakunnan hyvinvointialue (https://sata.fi/ajankohtaista/),own-news-flow
Urjala,Pirkanmaan hyvinvointialue,kyllä,Urjalan Sanomat (https://urjalansanomat.fi/feed/),,Hyvinvointialueen uutiset: Pirkanmaan hyvinvointialue (https://www.pirha.fi/ajankohtaista/pirha-nyt),own-news-flow
Utajärvi,Pohjois-Pohjanmaan hyvinvointialue,ei,,,Hyvinvointialueen uutiset: Pohjois-Pohjanmaan hyvinvointialue (https://pohde.fi/ajankohtaista/),wellbeing-area-news-only
Utsjoki,Lapin hyvinvointialue,ei,,,Hyvinvointialueen uutiset: Lapin hyvinvointialue (https://lapha.fi/ajankohtaista),wellbeing-area-news-only
Uurainen,Keski-Suomen hyvinvointialue,ei,,,Hyvinvointialueen uutiset: Keski-Suomen hyvinvointialue (https://www.hyvaks.fi/uutiset),wellbeing-area-news-only
Uusikaarlepyy,Pohjanmaan hyvinvointialue,ei,,,Hyvinvointialueen uutiset: Pohjanmaan hyvinvointialue (https://pohjanmaanhyvinvointi.fi/tietoa-meista/ajankohtaista/uutiset/),wellbeing-area-news-only
Uusikaupunki,Varsinais-Suomen hyvinvointialue,kyllä,Uudenkaupungin Sanomat (https://www.uudenkaupunginsanomat.fi/feed/),,Hyvinvointialueen uutiset: Varsinais-Suomen hyvinvointialue (https://www.varha.fi/fi/ajankohtaista),own-news-flow
Vaala,Pohjois-Pohjanmaan hyvinvointialue,kyllä,,Vaala uutiset (https://www.vaala.fi/feed/),Hyvinvointialueen uutiset: Pohjois-Pohjanmaan hyvinvointialue (https://pohde.fi/ajankohtaista/),own-news-flow
Vaasa,Pohjanmaan hyvinvointialue,kyllä,,Vaasa uutiset (https://www.vaasa.fi/feed/),Hyvinvointialueen uutiset: Pohjanmaan hyvinvointialue (https://pohjanmaanhyvinvointi.fi/tietoa-meista/ajankohtaista/uutiset/),own-news-flow
Valkeakoski,Pirkanmaan hyvinvointialue,ei,,,Hyvinvointialueen uutiset: Pirkanmaan hyvinvointialue (https://www.pirha.fi/ajankohtaista/pirha-nyt),wellbeing-area-news-only
Vantaa,Vantaan ja Keravan hyvinvointialue,kyllä,,"Vantaan uutiset (https://www.vantaa.fi/fi/rss/topical/121); Vantaan tiedotteet (https://www.vantaa.fi/fi/rss/topical/119)",Hyvinvointialueen uutiset: Vantaan ja Keravan hyvinvointialue (https://vakehyva.fi/fi/ajankohtaista),own-news-flow
Varkaus,Pohjois-Savon hyvinvointialue,kyllä,Warkauden Lehti (https://www.warkaudenlehti.fi/feed/rss),,Hyvinvointialueen uutiset: Pohjois-Savon hyvinvointialue (https://pshyvinvointialue.fi/fi/ajankohtaiset),own-news-flow
Vehmaa,Varsinais-Suomen hyvinvointialue,ei,,,Hyvinvointialueen uutiset: Varsinais-Suomen hyvinvointialue (https://www.varha.fi/fi/ajankohtaista),wellbeing-area-news-only
Vesanto,Pohjois-Savon hyvinvointialue,kyllä,Paikallislehti Sisä-Savo (https://www.sisa-savolehti.fi/feed/rss/),Vesanto uutiset (https://vesanto.fi/feed/),Hyvinvointialueen uutiset: Pohjois-Savon hyvinvointialue (https://pshyvinvointialue.fi/fi/ajankohtaiset),own-news-flow
Vesilahti,Pirkanmaan hyvinvointialue,kyllä,Lempäälän-Vesilahden Sanomat (https://lvs.fi/feed/),,Hyvinvointialueen uutiset: Pirkanmaan hyvinvointialue (https://www.pirha.fi/ajankohtaista/pirha-nyt),own-news-flow
Veteli,Keski-Pohjanmaan hyvinvointialue,kyllä,,Veteli uutiset (https://veteli.fi/feed/),Hyvinvointialueen uutiset: Keski-Pohjanmaan hyvinvointialue (https://soite.fi/soite/ajankohtaista/),own-news-flow
Vieremä,Pohjois-Savon hyvinvointialue,kyllä,,Vieremä uutiset (https://vierema.fi/feed/),Hyvinvointialueen uutiset: Pohjois-Savon hyvinvointialue (https://pshyvinvointialue.fi/fi/ajankohtaiset),own-news-flow
Vihti,Länsi-Uudenmaan hyvinvointialue,kyllä,,Vihti uutiset (https://www.vihti.fi/feed/),Hyvinvointialueen uutiset: Länsi-Uudenmaan hyvinvointialue (https://www.luvn.fi/fi/haku?q=&type=news),own-news-flow
Viitasaari,Keski-Suomen hyvinvointialue,kyllä,Viitasaaren Seutu (https://www.viitasaarenseutu.fi/feed/rss),,Hyvinvointialueen uutiset: Keski-Suomen hyvinvointialue (https://www.hyvaks.fi/uutiset),own-news-flow
Vimpeli,Etelä-Pohjanmaan hyvinvointialue,kyllä,,Vimpeli uutiset (https://www.vimpeli.fi/rss.xml),Hyvinvointialueen uutiset: Etelä-Pohjanmaan hyvinvointialue (https://www.hyvaep.fi/ajankohtaista/),own-news-flow
Virolahti,Kymenlaakson hyvinvointialue,kyllä,Kaakonkulma (https://www.kaakonkulma.fi/feed/rss/),Virolahti uutiset (https://virolahti.fi/feed/),Hyvinvointialueen uutiset: Kymenlaakson hyvinvointialue (https://kymenhva.fi/kategoria/uutiset/),own-news-flow
Virrat,Pirkanmaan hyvinvointialue,ei,,,Hyvinvointialueen uutiset: Pirkanmaan hyvinvointialue (https://www.pirha.fi/ajankohtaista/pirha-nyt),wellbeing-area-news-only
Vårdö,Ahvenanmaa,ei,,,Hyvinvointialueen uutiset: Ahvenanmaa (https://www.ahs.ax/nyheter),wellbeing-area-news-only
Vöyri,Pohjanmaan hyvinvointialue,ei,,,Hyvinvointialueen uutiset: Pohjanmaan hyvinvointialue (https://pohjanmaanhyvinvointi.fi/tietoa-meista/ajankohtaista/uutiset/),wellbeing-area-news-only
Ylitornio,Lapin hyvinvointialue,kyllä,,Ylitornio uutiset (https://ylitornio.fi/feed/),Hyvinvointialueen uutiset: Lapin hyvinvointialue (https://lapha.fi/ajankohtaista),own-news-flow
Ylivieska,Pohjois-Pohjanmaan hyvinvointialue,kyllä,,Ylivieska uutiset (https://www.ylivieska.fi/feed/),Hyvinvointialueen uutiset: Pohjois-Pohjanmaan hyvinvointialue (https://pohde.fi/ajankohtaista/),own-news-flow
Ylöjärvi,Pirkanmaan hyvinvointialue,kyllä,Ylöjärven Uutiset (https://ylojarvenuutiset.fi/feed/),,Hyvinvointialueen uutiset: Pirkanmaan hyvinvointialue (https://www.pirha.fi/ajankohtaista/pirha-nyt),own-news-flow
Ypäjä,Kanta-Hämeen hyvinvointialue,kyllä,,Ypäjä uutiset (https://ypaja.fi/feed/),Hyvinvointialueen uutiset: Kanta-Hämeen hyvinvointialue (https://omahame.fi/uutiset),own-news-flow
Ähtäri,Etelä-Pohjanmaan hyvinvointialue,ei,,,Hyvinvointialueen uutiset: Etelä-Pohjanmaan hyvinvointialue (https://www.hyvaep.fi/ajankohtaista/),wellbeing-area-news-only
Äänekoski,Keski-Suomen hyvinvointialue,ei,,,Hyvinvointialueen uutiset: Keski-Suomen hyvinvointialue (https://www.hyvaks.fi/uutiset),wellbeing-area-news-only