code,name,wellbeingAreaName,population2025,populationBand,regionalServiceLikelihood,serviceExpectation,newsExpectation,publicTransportStatus,serviceTransportStatus,localNewsFeedStatus
"020","Akaa","Pirkanmaan hyvinvointialue","16429","keskisuuri","kohtalainen tai pieni","omalle tai seudulliselle palvelusivulle on yleensä parempi mahdollisuus","uutiset löytyvät usein paikallis- tai seutulehdestä, joskus myös kunnan uutisista","ok-regional","ok-own","ok-own"
"005","Alajärvi","Etelä-Pohjanmaan hyvinvointialue","8982","pienehkö","kohtalainen","oma tai seudullinen joukkoliikenne- ja palveluliikennesivu on mahdollinen","paikallislehti tai seutulehti on todennäköinen ensisijainen lähde","ok-regional","ok-own","missing"
"009","Alavieska","Pohjois-Pohjanmaan hyvinvointialue","2384","pieni","suuri","palvelu voi olla kunnan oma sivu, asiointiliikenne tai taksipohjainen ratkaisu","paikallisuutiset voivat tulla seutulehdestä tai maakuntalehdestä","fallback-national","ok-own","ok-own"
"010","Alavus","Etelä-Pohjanmaan hyvinvointialue","10634","keskisuuri","kohtalainen tai pieni","omalle tai seudulliselle palvelusivulle on yleensä parempi mahdollisuus","uutiset löytyvät usein paikallis- tai seutulehdestä, joskus myös kunnan uutisista","fallback-national","ok-own","missing"
"016","Asikkala","Päijät-Hämeen hyvinvointialue","7841","pienehkö","kohtalainen","oma tai seudullinen joukkoliikenne- ja palveluliikennesivu on mahdollinen","paikallislehti tai seutulehti on todennäköinen ensisijainen lähde","ok-regional","ok-own","ok-own"
"018","Askola","Itä-Uudenmaan hyvinvointialue","4677","pieni","suuri","palvelu voi olla kunnan oma sivu, asiointiliikenne tai taksipohjainen ratkaisu","paikallisuutiset voivat tulla seutulehdestä tai maakuntalehdestä","ok-regional","missing","ok-own"
"019","Aura","Varsinais-Suomen hyvinvointialue","3937","pieni","suuri","palvelu voi olla kunnan oma sivu, asiointiliikenne tai taksipohjainen ratkaisu","paikallisuutiset voivat tulla seutulehdestä tai maakuntalehdestä","ok-regional","missing","missing"
"035","Brändö","Ahvenanmaa","430","erittäin pieni","erittäin suuri","palvelut ovat usein seudullisia, kutsupohjaisia tai taksiyrittäjän hoitamia","uutiset löytyvät usein seutu- tai maakuntalehdestä","ok-regional","missing","ok-own"
"043","Eckerö","Ahvenanmaa","961","erittäin pieni","erittäin suuri","palvelut ovat usein seudullisia, kutsupohjaisia tai taksiyrittäjän hoitamia","uutiset löytyvät usein seutu- tai maakuntalehdestä","ok-regional","missing","missing"
"046","Enonkoski","Etelä-Savon hyvinvointialue","1273","erittäin pieni","erittäin suuri","palvelut ovat usein seudullisia, kutsupohjaisia tai taksiyrittäjän hoitamia","uutiset löytyvät usein seutu- tai maakuntalehdestä","ok-regional","ok-own","ok-own"
"047","Enontekiö","Lapin hyvinvointialue","1769","erittäin pieni","erittäin suuri","palvelut ovat usein seudullisia, kutsupohjaisia tai taksiyrittäjän hoitamia","uutiset löytyvät usein seutu- tai maakuntalehdestä","ok-regional","ok-own","missing"
"049","Espoo","Länsi-Uudenmaan hyvinvointialue","325716","erittäin suuri","hyvin pieni","omaa tai vahvaa seudullista palvelutietoa kannattaa odottaa","paikallinen, seudullinen tai kaupunkikohtainen uutislähde on yleensä löydettävissä","ok-regional","missing","missing"
"050","Eura","Satakunnan hyvinvointialue","11005","keskisuuri","kohtalainen tai pieni","omalle tai seudulliselle palvelusivulle on yleensä parempi mahdollisuus","uutiset löytyvät usein paikallis- tai seutulehdestä, joskus myös kunnan uutisista","ok-regional","missing","ok-own"
"051","Eurajoki","Satakunnan hyvinvointialue","8920","pienehkö","kohtalainen","oma tai seudullinen joukkoliikenne- ja palveluliikennesivu on mahdollinen","paikallislehti tai seutulehti on todennäköinen ensisijainen lähde","ok-regional","missing","missing"
"052","Evijärvi","Etelä-Pohjanmaan hyvinvointialue","2267","pieni","suuri","palvelu voi olla kunnan oma sivu, asiointiliikenne tai taksipohjainen ratkaisu","paikallisuutiset voivat tulla seutulehdestä tai maakuntalehdestä","fallback-national","ok-own","missing"
"060","Finström","Ahvenanmaa","2625","pieni","suuri","palvelu voi olla kunnan oma sivu, asiointiliikenne tai taksipohjainen ratkaisu","paikallisuutiset voivat tulla seutulehdestä tai maakuntalehdestä","ok-regional","missing","ok-own"
"061","Forssa","Kanta-Hämeen hyvinvointialue","16307","keskisuuri","kohtalainen tai pieni","omalle tai seudulliselle palvelusivulle on yleensä parempi mahdollisuus","uutiset löytyvät usein paikallis- tai seutulehdestä, joskus myös kunnan uutisista","ok-own","ok-own","missing"
"062","Föglö","Ahvenanmaa","512","erittäin pieni","erittäin suuri","palvelut ovat usein seudullisia, kutsupohjaisia tai taksiyrittäjän hoitamia","uutiset löytyvät usein seutu- tai maakuntalehdestä","ok-regional","missing","missing"
"065","Geta","Ahvenanmaa","512","erittäin pieni","erittäin suuri","palvelut ovat usein seudullisia, kutsupohjaisia tai taksiyrittäjän hoitamia","uutiset löytyvät usein seutu- tai maakuntalehdestä","ok-regional","missing","missing"
"069","Haapajärvi","Pohjois-Pohjanmaan hyvinvointialue","6441","pienehkö","kohtalainen","oma tai seudullinen joukkoliikenne- ja palveluliikennesivu on mahdollinen","paikallislehti tai seutulehti on todennäköinen ensisijainen lähde","ok-own","missing","ok-own"
"071","Haapavesi","Pohjois-Pohjanmaan hyvinvointialue","6298","pienehkö","kohtalainen","oma tai seudullinen joukkoliikenne- ja palveluliikennesivu on mahdollinen","paikallislehti tai seutulehti on todennäköinen ensisijainen lähde","ok-own","missing","ok-own"
"072","Hailuoto","Pohjois-Pohjanmaan hyvinvointialue","912","erittäin pieni","erittäin suuri","palvelut ovat usein seudullisia, kutsupohjaisia tai taksiyrittäjän hoitamia","uutiset löytyvät usein seutu- tai maakuntalehdestä","ok-own","missing","ok-own"
"074","Halsua","Keski-Pohjanmaan hyvinvointialue","975","erittäin pieni","erittäin suuri","palvelut ovat usein seudullisia, kutsupohjaisia tai taksiyrittäjän hoitamia","uutiset löytyvät usein seutu- tai maakuntalehdestä","ok-regional","missing","ok-own"
"075","Hamina","Kymenlaakson hyvinvointialue","19113","keskisuuri","kohtalainen tai pieni","omalle tai seudulliselle palvelusivulle on yleensä parempi mahdollisuus","uutiset löytyvät usein paikallis- tai seutulehdestä, joskus myös kunnan uutisista","fallback-national","ok-own","ok-own"
"076","Hammarland","Ahvenanmaa","1644","erittäin pieni","erittäin suuri","palvelut ovat usein seudullisia, kutsupohjaisia tai taksiyrittäjän hoitamia","uutiset löytyvät usein seutu- tai maakuntalehdestä","ok-regional","missing","missing"
"077","Hankasalmi","Keski-Suomen hyvinvointialue","4436","pieni","suuri","palvelu voi olla kunnan oma sivu, asiointiliikenne tai taksipohjainen ratkaisu","paikallisuutiset voivat tulla seutulehdestä tai maakuntalehdestä","ok-regional","missing","ok-own"
"078","Hanko","Länsi-Uudenmaan hyvinvointialue","7620","pienehkö","kohtalainen","oma tai seudullinen joukkoliikenne- ja palveluliikennesivu on mahdollinen","paikallislehti tai seutulehti on todennäköinen ensisijainen lähde","ok-regional","missing","ok-own"
"079","Harjavalta","Satakunnan hyvinvointialue","6565","pienehkö","kohtalainen","oma tai seudullinen joukkoliikenne- ja palveluliikennesivu on mahdollinen","paikallislehti tai seutulehti on todennäköinen ensisijainen lähde","ok-regional","missing","ok-own"
"081","Hartola","Päijät-Hämeen hyvinvointialue","2401","pieni","suuri","palvelu voi olla kunnan oma sivu, asiointiliikenne tai taksipohjainen ratkaisu","paikallisuutiset voivat tulla seutulehdestä tai maakuntalehdestä","fallback-national","ok-own","ok-own"
"082","Hattula","Kanta-Hämeen hyvinvointialue","9346","pienehkö","kohtalainen","oma tai seudullinen joukkoliikenne- ja palveluliikennesivu on mahdollinen","paikallislehti tai seutulehti on todennäköinen ensisijainen lähde","ok-regional","missing","ok-own"
"086","Hausjärvi","Kanta-Hämeen hyvinvointialue","7862","pienehkö","kohtalainen","oma tai seudullinen joukkoliikenne- ja palveluliikennesivu on mahdollinen","paikallislehti tai seutulehti on todennäköinen ensisijainen lähde","ok-own","ok-own","missing"
"111","Heinola","Päijät-Hämeen hyvinvointialue","17694","keskisuuri","kohtalainen tai pieni","omalle tai seudulliselle palvelusivulle on yleensä parempi mahdollisuus","uutiset löytyvät usein paikallis- tai seutulehdestä, joskus myös kunnan uutisista","ok-regional","ok-own","ok-own"
"090","Heinävesi","Pohjois-Karjalan hyvinvointialue","2888","pieni","suuri","palvelu voi olla kunnan oma sivu, asiointiliikenne tai taksipohjainen ratkaisu","paikallisuutiset voivat tulla seutulehdestä tai maakuntalehdestä","fallback-national","ok-own","ok-own"
"091","Helsinki","Helsingin kaupunki","694392","erittäin suuri","hyvin pieni","omaa tai vahvaa seudullista palvelutietoa kannattaa odottaa","paikallinen, seudullinen tai kaupunkikohtainen uutislähde on yleensä löydettävissä","ok-regional","missing","missing"
"097","Hirvensalmi","Etelä-Savon hyvinvointialue","2023","pieni","suuri","palvelu voi olla kunnan oma sivu, asiointiliikenne tai taksipohjainen ratkaisu","paikallisuutiset voivat tulla seutulehdestä tai maakuntalehdestä","fallback-national","ok-own","ok-own"
"098","Hollola","Päijät-Hämeen hyvinvointialue","22775","suuri","pieni","omaa tai selkeää seudullista joukkoliikenne- ja palveluliikennetietoa kannattaa odottaa","paikallinen tai seudullinen uutislähde on usein löydettävissä","ok-regional","ok-own","missing"
"102","Huittinen","Satakunnan hyvinvointialue","9546","pienehkö","kohtalainen","oma tai seudullinen joukkoliikenne- ja palveluliikennesivu on mahdollinen","paikallislehti tai seutulehti on todennäköinen ensisijainen lähde","ok-regional","ok-own","ok-own"
"103","Humppila","Kanta-Hämeen hyvinvointialue","2074","pieni","suuri","palvelu voi olla kunnan oma sivu, asiointiliikenne tai taksipohjainen ratkaisu","paikallisuutiset voivat tulla seutulehdestä tai maakuntalehdestä","ok-own","missing","missing"
"105","Hyrynsalmi","Kainuun hyvinvointialue","1984","erittäin pieni","erittäin suuri","palvelut ovat usein seudullisia, kutsupohjaisia tai taksiyrittäjän hoitamia","uutiset löytyvät usein seutu- tai maakuntalehdestä","fallback-national","ok-own","ok-own"
"106","Hyvinkää","Keski-Uudenmaan hyvinvointialue","47015","suuri","pieni","omaa tai selkeää seudullista joukkoliikenne- ja palveluliikennetietoa kannattaa odottaa","paikallinen tai seudullinen uutislähde on usein löydettävissä","fallback-national","ok-own","missing"
"108","Hämeenkyrö","Pirkanmaan hyvinvointialue","10249","keskisuuri","kohtalainen tai pieni","omalle tai seudulliselle palvelusivulle on yleensä parempi mahdollisuus","uutiset löytyvät usein paikallis- tai seutulehdestä, joskus myös kunnan uutisista","fallback-national","ok-own","ok-own"
"109","Hämeenlinna","Kanta-Hämeen hyvinvointialue","68614","erittäin suuri","hyvin pieni","omaa tai vahvaa seudullista palvelutietoa kannattaa odottaa","paikallinen, seudullinen tai kaupunkikohtainen uutislähde on yleensä löydettävissä","ok-regional","ok-own","ok-own"
"139","Ii","Pohjois-Pohjanmaan hyvinvointialue","9755","pienehkö","kohtalainen","oma tai seudullinen joukkoliikenne- ja palveluliikennesivu on mahdollinen","paikallislehti tai seutulehti on todennäköinen ensisijainen lähde","ok-regional","ok-own","ok-own"
"140","Iisalmi","Pohjois-Savon hyvinvointialue","20205","suuri","pieni","omaa tai selkeää seudullista joukkoliikenne- ja palveluliikennetietoa kannattaa odottaa","paikallinen tai seudullinen uutislähde on usein löydettävissä","ok-regional","ok-own","ok-own"
"142","Iitti","Päijät-Hämeen hyvinvointialue","6329","pienehkö","kohtalainen","oma tai seudullinen joukkoliikenne- ja palveluliikennesivu on mahdollinen","paikallislehti tai seutulehti on todennäköinen ensisijainen lähde","fallback-national","ok-own","missing"
"143","Ikaalinen","Pirkanmaan hyvinvointialue","6704","pienehkö","kohtalainen","oma tai seudullinen joukkoliikenne- ja palveluliikennesivu on mahdollinen","paikallislehti tai seutulehti on todennäköinen ensisijainen lähde","fallback-national","ok-own","ok-own"
"145","Ilmajoki","Etelä-Pohjanmaan hyvinvointialue","12405","keskisuuri","kohtalainen tai pieni","omalle tai seudulliselle palvelusivulle on yleensä parempi mahdollisuus","uutiset löytyvät usein paikallis- tai seutulehdestä, joskus myös kunnan uutisista","ok-regional","missing","ok-own"
"146","Ilomantsi","Pohjois-Karjalan hyvinvointialue","4293","pieni","suuri","palvelu voi olla kunnan oma sivu, asiointiliikenne tai taksipohjainen ratkaisu","paikallisuutiset voivat tulla seutulehdestä tai maakuntalehdestä","fallback-national","ok-own","ok-own"
"153","Imatra","Etelä-Karjalan hyvinvointialue","24345","suuri","pieni","omaa tai selkeää seudullista joukkoliikenne- ja palveluliikennetietoa kannattaa odottaa","paikallinen tai seudullinen uutislähde on usein löydettävissä","ok-regional","missing","ok-own"
"148","Inari","Lapin hyvinvointialue","7244","pienehkö","kohtalainen","oma tai seudullinen joukkoliikenne- ja palveluliikennesivu on mahdollinen","paikallislehti tai seutulehti on todennäköinen ensisijainen lähde","ok-own","ok-own","missing"
"149","Inkoo","Länsi-Uudenmaan hyvinvointialue","5391","pienehkö","kohtalainen","oma tai seudullinen joukkoliikenne- ja palveluliikennesivu on mahdollinen","paikallislehti tai seutulehti on todennäköinen ensisijainen lähde","ok-regional","missing","ok-own"
"151","Isojoki","Etelä-Pohjanmaan hyvinvointialue","1771","erittäin pieni","erittäin suuri","palvelut ovat usein seudullisia, kutsupohjaisia tai taksiyrittäjän hoitamia","uutiset löytyvät usein seutu- tai maakuntalehdestä","fallback-national","ok-own","ok-own"
"152","Isokyrö","Etelä-Pohjanmaan hyvinvointialue","4261","pieni","suuri","palvelu voi olla kunnan oma sivu, asiointiliikenne tai taksipohjainen ratkaisu","paikallisuutiset voivat tulla seutulehdestä tai maakuntalehdestä","ok-regional","missing","missing"
"165","Janakkala","Kanta-Hämeen hyvinvointialue","15867","keskisuuri","kohtalainen tai pieni","omalle tai seudulliselle palvelusivulle on yleensä parempi mahdollisuus","uutiset löytyvät usein paikallis- tai seutulehdestä, joskus myös kunnan uutisista","ok-regional","ok-own","ok-own"
"167","Joensuu","Pohjois-Karjalan hyvinvointialue","79129","erittäin suuri","hyvin pieni","omaa tai vahvaa seudullista palvelutietoa kannattaa odottaa","paikallinen, seudullinen tai kaupunkikohtainen uutislähde on yleensä löydettävissä","ok-regional","ok-own","ok-own"
"169","Jokioinen","Kanta-Hämeen hyvinvointialue","4795","pieni","suuri","palvelu voi olla kunnan oma sivu, asiointiliikenne tai taksipohjainen ratkaisu","paikallisuutiset voivat tulla seutulehdestä tai maakuntalehdestä","ok-own","ok-own","missing"
"170","Jomala","Ahvenanmaa","5817","pienehkö","kohtalainen","oma tai seudullinen joukkoliikenne- ja palveluliikennesivu on mahdollinen","paikallislehti tai seutulehti on todennäköinen ensisijainen lähde","ok-regional","missing","missing"
"171","Joroinen","Pohjois-Savon hyvinvointialue","4494","pieni","suuri","palvelu voi olla kunnan oma sivu, asiointiliikenne tai taksipohjainen ratkaisu","paikallisuutiset voivat tulla seutulehdestä tai maakuntalehdestä","fallback-national","ok-own","ok-own"
"172","Joutsa","Keski-Suomen hyvinvointialue","4079","pieni","suuri","palvelu voi olla kunnan oma sivu, asiointiliikenne tai taksipohjainen ratkaisu","paikallisuutiset voivat tulla seutulehdestä tai maakuntalehdestä","ok-own","ok-own","ok-own"
"176","Juuka","Pohjois-Karjalan hyvinvointialue","4059","pieni","suuri","palvelu voi olla kunnan oma sivu, asiointiliikenne tai taksipohjainen ratkaisu","paikallisuutiset voivat tulla seutulehdestä tai maakuntalehdestä","ok-own","missing","ok-own"
"177","Juupajoki","Pirkanmaan hyvinvointialue","1663","erittäin pieni","erittäin suuri","palvelut ovat usein seudullisia, kutsupohjaisia tai taksiyrittäjän hoitamia","uutiset löytyvät usein seutu- tai maakuntalehdestä","fallback-national","ok-own","ok-own"
"178","Juva","Etelä-Savon hyvinvointialue","5569","pienehkö","kohtalainen","oma tai seudullinen joukkoliikenne- ja palveluliikennesivu on mahdollinen","paikallislehti tai seutulehti on todennäköinen ensisijainen lähde","fallback-national","ok-own","ok-own"
"179","Jyväskylä","Keski-Suomen hyvinvointialue","149895","erittäin suuri","hyvin pieni","omaa tai vahvaa seudullista palvelutietoa kannattaa odottaa","paikallinen, seudullinen tai kaupunkikohtainen uutislähde on yleensä löydettävissä","ok-regional","ok-own","ok-own"
"181","Jämijärvi","Satakunnan hyvinvointialue","1663","erittäin pieni","erittäin suuri","palvelut ovat usein seudullisia, kutsupohjaisia tai taksiyrittäjän hoitamia","uutiset löytyvät usein seutu- tai maakuntalehdestä","ok-regional","missing","missing"
"182","Jämsä","Keski-Suomen hyvinvointialue","19020","keskisuuri","kohtalainen tai pieni","omalle tai seudulliselle palvelusivulle on yleensä parempi mahdollisuus","uutiset löytyvät usein paikallis- tai seutulehdestä, joskus myös kunnan uutisista","ok-own","ok-own","missing"
"186","Järvenpää","Keski-Uudenmaan hyvinvointialue","46944","suuri","pieni","omaa tai selkeää seudullista joukkoliikenne- ja palveluliikennetietoa kannattaa odottaa","paikallinen tai seudullinen uutislähde on usein löydettävissä","fallback-national","ok-own","ok-own"
"202","Kaarina","Varsinais-Suomen hyvinvointialue","36675","suuri","pieni","omaa tai selkeää seudullista joukkoliikenne- ja palveluliikennetietoa kannattaa odottaa","paikallinen tai seudullinen uutislähde on usein löydettävissä","ok-regional","ok-own","ok-own"
"204","Kaavi","Pohjois-Savon hyvinvointialue","2547","pieni","suuri","palvelu voi olla kunnan oma sivu, asiointiliikenne tai taksipohjainen ratkaisu","paikallisuutiset voivat tulla seutulehdestä tai maakuntalehdestä","ok-regional","ok-own","ok-own"
"205","Kajaani","Kainuun hyvinvointialue","36370","suuri","pieni","omaa tai selkeää seudullista joukkoliikenne- ja palveluliikennetietoa kannattaa odottaa","paikallinen tai seudullinen uutislähde on usein löydettävissä","fallback-national","ok-own","ok-own"
"208","Kalajoki","Pohjois-Pohjanmaan hyvinvointialue","12155","keskisuuri","kohtalainen tai pieni","omalle tai seudulliselle palvelusivulle on yleensä parempi mahdollisuus","uutiset löytyvät usein paikallis- tai seutulehdestä, joskus myös kunnan uutisista","ok-own","missing","ok-own"
"211","Kangasala","Pirkanmaan hyvinvointialue","34379","suuri","pieni","omaa tai selkeää seudullista joukkoliikenne- ja palveluliikennetietoa kannattaa odottaa","paikallinen tai seudullinen uutislähde on usein löydettävissä","ok-regional","ok-own","ok-own"
"213","Kangasniemi","Etelä-Savon hyvinvointialue","4952","pieni","suuri","palvelu voi olla kunnan oma sivu, asiointiliikenne tai taksipohjainen ratkaisu","paikallisuutiset voivat tulla seutulehdestä tai maakuntalehdestä","ok-regional","ok-own","ok-own"
"214","Kankaanpää","Satakunnan hyvinvointialue","12508","keskisuuri","kohtalainen tai pieni","omalle tai seudulliselle palvelusivulle on yleensä parempi mahdollisuus","uutiset löytyvät usein paikallis- tai seutulehdestä, joskus myös kunnan uutisista","ok-regional","ok-own","ok-own"
"216","Kannonkoski","Keski-Suomen hyvinvointialue","1137","erittäin pieni","erittäin suuri","palvelut ovat usein seudullisia, kutsupohjaisia tai taksiyrittäjän hoitamia","uutiset löytyvät usein seutu- tai maakuntalehdestä","ok-regional","missing","ok-own"
"217","Kannus","Keski-Pohjanmaan hyvinvointialue","5246","pienehkö","kohtalainen","oma tai seudullinen joukkoliikenne- ja palveluliikennesivu on mahdollinen","paikallislehti tai seutulehti on todennäköinen ensisijainen lähde","ok-regional","missing","ok-own"
"218","Karijoki","Etelä-Pohjanmaan hyvinvointialue","1134","erittäin pieni","erittäin suuri","palvelut ovat usein seudullisia, kutsupohjaisia tai taksiyrittäjän hoitamia","uutiset löytyvät usein seutu- tai maakuntalehdestä","ok-own","missing","ok-own"
"224","Karkkila","Länsi-Uudenmaan hyvinvointialue","8274","pienehkö","kohtalainen","oma tai seudullinen joukkoliikenne- ja palveluliikennesivu on mahdollinen","paikallislehti tai seutulehti on todennäköinen ensisijainen lähde","fallback-national","ok-own","ok-own"
"226","Karstula","Keski-Suomen hyvinvointialue","3514","pieni","suuri","palvelu voi olla kunnan oma sivu, asiointiliikenne tai taksipohjainen ratkaisu","paikallisuutiset voivat tulla seutulehdestä tai maakuntalehdestä","fallback-national","ok-own","ok-own"
"230","Karvia","Satakunnan hyvinvointialue","2133","pieni","suuri","palvelu voi olla kunnan oma sivu, asiointiliikenne tai taksipohjainen ratkaisu","paikallisuutiset voivat tulla seutulehdestä tai maakuntalehdestä","ok-regional","missing","ok-own"
"231","Kaskinen","Pohjanmaan hyvinvointialue","1248","erittäin pieni","erittäin suuri","palvelut ovat usein seudullisia, kutsupohjaisia tai taksiyrittäjän hoitamia","uutiset löytyvät usein seutu- tai maakuntalehdestä","ok-regional","missing","ok-own"
"232","Kauhajoki","Etelä-Pohjanmaan hyvinvointialue","12429","keskisuuri","kohtalainen tai pieni","omalle tai seudulliselle palvelusivulle on yleensä parempi mahdollisuus","uutiset löytyvät usein paikallis- tai seutulehdestä, joskus myös kunnan uutisista","fallback-national","ok-own","ok-own"
"233","Kauhava","Etelä-Pohjanmaan hyvinvointialue","14909","keskisuuri","kohtalainen tai pieni","omalle tai seudulliselle palvelusivulle on yleensä parempi mahdollisuus","uutiset löytyvät usein paikallis- tai seutulehdestä, joskus myös kunnan uutisista","ok-regional","ok-own","ok-own"
"235","Kauniainen","Länsi-Uudenmaan hyvinvointialue","10318","keskisuuri","kohtalainen tai pieni","omalle tai seudulliselle palvelusivulle on yleensä parempi mahdollisuus","uutiset löytyvät usein paikallis- tai seutulehdestä, joskus myös kunnan uutisista","ok-regional","missing","ok-own"
"236","Kaustinen","Keski-Pohjanmaan hyvinvointialue","4074","pieni","suuri","palvelu voi olla kunnan oma sivu, asiointiliikenne tai taksipohjainen ratkaisu","paikallisuutiset voivat tulla seutulehdestä tai maakuntalehdestä","ok-regional","missing","ok-own"
"239","Keitele","Pohjois-Savon hyvinvointialue","1922","erittäin pieni","erittäin suuri","palvelut ovat usein seudullisia, kutsupohjaisia tai taksiyrittäjän hoitamia","uutiset löytyvät usein seutu- tai maakuntalehdestä","ok-regional","ok-own","ok-own"
"240","Kemi","Lapin hyvinvointialue","19339","keskisuuri","kohtalainen tai pieni","omalle tai seudulliselle palvelusivulle on yleensä parempi mahdollisuus","uutiset löytyvät usein paikallis- tai seutulehdestä, joskus myös kunnan uutisista","ok-regional","ok-own","ok-own"
"320","Kemijärvi","Lapin hyvinvointialue","6919","pienehkö","kohtalainen","oma tai seudullinen joukkoliikenne- ja palveluliikennesivu on mahdollinen","paikallislehti tai seutulehti on todennäköinen ensisijainen lähde","fallback-national","ok-own","ok-own"
"241","Keminmaa","Lapin hyvinvointialue","7576","pienehkö","kohtalainen","oma tai seudullinen joukkoliikenne- ja palveluliikennesivu on mahdollinen","paikallislehti tai seutulehti on todennäköinen ensisijainen lähde","ok-regional","ok-own","missing"
"322","Kemiönsaari","Varsinais-Suomen hyvinvointialue","6340","pienehkö","kohtalainen","oma tai seudullinen joukkoliikenne- ja palveluliikennesivu on mahdollinen","paikallislehti tai seutulehti on todennäköinen ensisijainen lähde","ok-regional","missing","missing"
"244","Kempele","Pohjois-Pohjanmaan hyvinvointialue","19702","keskisuuri","kohtalainen tai pieni","omalle tai seudulliselle palvelusivulle on yleensä parempi mahdollisuus","uutiset löytyvät usein paikallis- tai seutulehdestä, joskus myös kunnan uutisista","ok-regional","missing","ok-own"
"245","Kerava","Vantaan ja Keravan hyvinvointialue","38767","suuri","pieni","omaa tai selkeää seudullista joukkoliikenne- ja palveluliikennetietoa kannattaa odottaa","paikallinen tai seudullinen uutislähde on usein löydettävissä","ok-regional","missing","missing"
"249","Keuruu","Keski-Suomen hyvinvointialue","9014","pienehkö","kohtalainen","oma tai seudullinen joukkoliikenne- ja palveluliikennesivu on mahdollinen","paikallislehti tai seutulehti on todennäköinen ensisijainen lähde","fallback-national","ok-own","ok-own"
"250","Kihniö","Pirkanmaan hyvinvointialue","1670","erittäin pieni","erittäin suuri","palvelut ovat usein seudullisia, kutsupohjaisia tai taksiyrittäjän hoitamia","uutiset löytyvät usein seutu- tai maakuntalehdestä","ok-regional","missing","missing"
"256","Kinnula","Keski-Suomen hyvinvointialue","1472","erittäin pieni","erittäin suuri","palvelut ovat usein seudullisia, kutsupohjaisia tai taksiyrittäjän hoitamia","uutiset löytyvät usein seutu- tai maakuntalehdestä","ok-regional","missing","missing"
"257","Kirkkonummi","Länsi-Uudenmaan hyvinvointialue","41725","suuri","pieni","omaa tai selkeää seudullista joukkoliikenne- ja palveluliikennetietoa kannattaa odottaa","paikallinen tai seudullinen uutislähde on usein löydettävissä","ok-regional","missing","ok-own"
"260","Kitee","Pohjois-Karjalan hyvinvointialue","9397","pienehkö","kohtalainen","oma tai seudullinen joukkoliikenne- ja palveluliikennesivu on mahdollinen","paikallislehti tai seutulehti on todennäköinen ensisijainen lähde","fallback-national","ok-own","missing"
"261","Kittilä","Lapin hyvinvointialue","6973","pienehkö","kohtalainen","oma tai seudullinen joukkoliikenne- ja palveluliikennesivu on mahdollinen","paikallislehti tai seutulehti on todennäköinen ensisijainen lähde","fallback-national","ok-own","ok-own"
"263","Kiuruvesi","Pohjois-Savon hyvinvointialue","7255","pienehkö","kohtalainen","oma tai seudullinen joukkoliikenne- ja palveluliikennesivu on mahdollinen","paikallislehti tai seutulehti on todennäköinen ensisijainen lähde","ok-regional","ok-own","ok-own"
"265","Kivijärvi","Keski-Suomen hyvinvointialue","1001","erittäin pieni","erittäin suuri","palvelut ovat usein seudullisia, kutsupohjaisia tai taksiyrittäjän hoitamia","uutiset löytyvät usein seutu- tai maakuntalehdestä","ok-regional","missing","ok-own"
"271","Kokemäki","Satakunnan hyvinvointialue","6583","pienehkö","kohtalainen","oma tai seudullinen joukkoliikenne- ja palveluliikennesivu on mahdollinen","paikallislehti tai seutulehti on todennäköinen ensisijainen lähde","ok-regional","missing","ok-own"
"272","Kokkola","Keski-Pohjanmaan hyvinvointialue","48338","suuri","pieni","omaa tai selkeää seudullista joukkoliikenne- ja palveluliikennetietoa kannattaa odottaa","paikallinen tai seudullinen uutislähde on usein löydettävissä","ok-own","ok-own","ok-own"
"273","Kolari","Lapin hyvinvointialue","4001","pieni","suuri","palvelu voi olla kunnan oma sivu, asiointiliikenne tai taksipohjainen ratkaisu","paikallisuutiset voivat tulla seutulehdestä tai maakuntalehdestä","ok-regional","ok-own","missing"
"275","Konnevesi","Keski-Suomen hyvinvointialue","2404","pieni","suuri","palvelu voi olla kunnan oma sivu, asiointiliikenne tai taksipohjainen ratkaisu","paikallisuutiset voivat tulla seutulehdestä tai maakuntalehdestä","ok-regional","missing","ok-own"
"276","Kontiolahti","Pohjois-Karjalan hyvinvointialue","15060","keskisuuri","kohtalainen tai pieni","omalle tai seudulliselle palvelusivulle on yleensä parempi mahdollisuus","uutiset löytyvät usein paikallis- tai seutulehdestä, joskus myös kunnan uutisista","ok-regional","ok-own","ok-own"
"280","Korsnäs","Pohjanmaan hyvinvointialue","1984","erittäin pieni","erittäin suuri","palvelut ovat usein seudullisia, kutsupohjaisia tai taksiyrittäjän hoitamia","uutiset löytyvät usein seutu- tai maakuntalehdestä","ok-regional","missing","ok-own"
"284","Koski Tl","Varsinais-Suomen hyvinvointialue","2144","pieni","suuri","palvelu voi olla kunnan oma sivu, asiointiliikenne tai taksipohjainen ratkaisu","paikallisuutiset voivat tulla seutulehdestä tai maakuntalehdestä","ok-regional","missing","ok-own"
"285","Kotka","Kymenlaakson hyvinvointialue","50029","erittäin suuri","hyvin pieni","omaa tai vahvaa seudullista palvelutietoa kannattaa odottaa","paikallinen, seudullinen tai kaupunkikohtainen uutislähde on yleensä löydettävissä","ok-regional","missing","ok-own"
"286","Kouvola","Kymenlaakson hyvinvointialue","77625","erittäin suuri","hyvin pieni","omaa tai vahvaa seudullista palvelutietoa kannattaa odottaa","paikallinen, seudullinen tai kaupunkikohtainen uutislähde on yleensä löydettävissä","ok-regional","ok-own","ok-own"
"287","Kristiinankaupunki","Pohjanmaan hyvinvointialue","6113","pienehkö","kohtalainen","oma tai seudullinen joukkoliikenne- ja palveluliikennesivu on mahdollinen","paikallislehti tai seutulehti on todennäköinen ensisijainen lähde","ok-regional","ok-own","missing"
"288","Kruunupyy","Pohjanmaan hyvinvointialue","6268","pienehkö","kohtalainen","oma tai seudullinen joukkoliikenne- ja palveluliikennesivu on mahdollinen","paikallislehti tai seutulehti on todennäköinen ensisijainen lähde","ok-regional","missing","missing"
"290","Kuhmo","Kainuun hyvinvointialue","7300","pienehkö","kohtalainen","oma tai seudullinen joukkoliikenne- ja palveluliikennesivu on mahdollinen","paikallislehti tai seutulehti on todennäköinen ensisijainen lähde","ok-regional","missing","ok-own"
"291","Kuhmoinen","Pirkanmaan hyvinvointialue","1979","erittäin pieni","erittäin suuri","palvelut ovat usein seudullisia, kutsupohjaisia tai taksiyrittäjän hoitamia","uutiset löytyvät usein seutu- tai maakuntalehdestä","ok-own","ok-own","missing"
"295","Kumlinge","Ahvenanmaa","271","erittäin pieni","erittäin suuri","palvelut ovat usein seudullisia, kutsupohjaisia tai taksiyrittäjän hoitamia","uutiset löytyvät usein seutu- tai maakuntalehdestä","ok-regional","missing","missing"
"297","Kuopio","Pohjois-Savon hyvinvointialue","126572","erittäin suuri","hyvin pieni","omaa tai vahvaa seudullista palvelutietoa kannattaa odottaa","paikallinen, seudullinen tai kaupunkikohtainen uutislähde on yleensä löydettävissä","ok-regional","ok-own","ok-own"
"300","Kuortane","Etelä-Pohjanmaan hyvinvointialue","3306","pieni","suuri","palvelu voi olla kunnan oma sivu, asiointiliikenne tai taksipohjainen ratkaisu","paikallisuutiset voivat tulla seutulehdestä tai maakuntalehdestä","fallback-national","ok-own","ok-own"
"301","Kurikka","Etelä-Pohjanmaan hyvinvointialue","19441","keskisuuri","kohtalainen tai pieni","omalle tai seudulliselle palvelusivulle on yleensä parempi mahdollisuus","uutiset löytyvät usein paikallis- tai seutulehdestä, joskus myös kunnan uutisista","fallback-national","ok-own","ok-own"
"304","Kustavi","Varsinais-Suomen hyvinvointialue","972","erittäin pieni","erittäin suuri","palvelut ovat usein seudullisia, kutsupohjaisia tai taksiyrittäjän hoitamia","uutiset löytyvät usein seutu- tai maakuntalehdestä","ok-regional","missing","ok-own"
"305","Kuusamo","Pohjois-Pohjanmaan hyvinvointialue","14800","keskisuuri","kohtalainen tai pieni","omalle tai seudulliselle palvelusivulle on yleensä parempi mahdollisuus","uutiset löytyvät usein paikallis- tai seutulehdestä, joskus myös kunnan uutisista","ok-own","ok-own","missing"
"312","Kyyjärvi","Keski-Suomen hyvinvointialue","1129","erittäin pieni","erittäin suuri","palvelut ovat usein seudullisia, kutsupohjaisia tai taksiyrittäjän hoitamia","uutiset löytyvät usein seutu- tai maakuntalehdestä","ok-regional","missing","ok-own"
"316","Kärkölä","Päijät-Hämeen hyvinvointialue","4052","pieni","suuri","palvelu voi olla kunnan oma sivu, asiointiliikenne tai taksipohjainen ratkaisu","paikallisuutiset voivat tulla seutulehdestä tai maakuntalehdestä","fallback-national","ok-own","ok-own"
"317","Kärsämäki","Pohjois-Pohjanmaan hyvinvointialue","2324","pieni","suuri","palvelu voi olla kunnan oma sivu, asiointiliikenne tai taksipohjainen ratkaisu","paikallisuutiset voivat tulla seutulehdestä tai maakuntalehdestä","fallback-national","ok-own","missing"
"318","Kökar","Ahvenanmaa","211","erittäin pieni","erittäin suuri","palvelut ovat usein seudullisia, kutsupohjaisia tai taksiyrittäjän hoitamia","uutiset löytyvät usein seutu- tai maakuntalehdestä","ok-regional","missing","ok-own"
"398","Lahti","Päijät-Hämeen hyvinvointialue","121832","erittäin suuri","hyvin pieni","omaa tai vahvaa seudullista palvelutietoa kannattaa odottaa","paikallinen, seudullinen tai kaupunkikohtainen uutislähde on yleensä löydettävissä","ok-regional","missing","ok-own"
"399","Laihia","Pohjanmaan hyvinvointialue","7534","pienehkö","kohtalainen","oma tai seudullinen joukkoliikenne- ja palveluliikennesivu on mahdollinen","paikallislehti tai seutulehti on todennäköinen ensisijainen lähde","ok-regional","missing","ok-own"
"400","Laitila","Varsinais-Suomen hyvinvointialue","8400","pienehkö","kohtalainen","oma tai seudullinen joukkoliikenne- ja palveluliikennesivu on mahdollinen","paikallislehti tai seutulehti on todennäköinen ensisijainen lähde","ok-regional","ok-own","ok-own"
"407","Lapinjärvi","Itä-Uudenmaan hyvinvointialue","2430","pieni","suuri","palvelu voi olla kunnan oma sivu, asiointiliikenne tai taksipohjainen ratkaisu","paikallisuutiset voivat tulla seutulehdestä tai maakuntalehdestä","fallback-national","ok-own","ok-own"
"402","Lapinlahti","Pohjois-Savon hyvinvointialue","8803","pienehkö","kohtalainen","oma tai seudullinen joukkoliikenne- ja palveluliikennesivu on mahdollinen","paikallislehti tai seutulehti on todennäköinen ensisijainen lähde","ok-regional","ok-own","missing"
"403","Lappajärvi","Etelä-Pohjanmaan hyvinvointialue","2704","pieni","suuri","palvelu voi olla kunnan oma sivu, asiointiliikenne tai taksipohjainen ratkaisu","paikallisuutiset voivat tulla seutulehdestä tai maakuntalehdestä","ok-regional","ok-own","ok-own"
"405","Lappeenranta","Etelä-Karjalan hyvinvointialue","73241","erittäin suuri","hyvin pieni","omaa tai vahvaa seudullista palvelutietoa kannattaa odottaa","paikallinen, seudullinen tai kaupunkikohtainen uutislähde on yleensä löydettävissä","ok-regional","ok-own","missing"
"408","Lapua","Etelä-Pohjanmaan hyvinvointialue","13927","keskisuuri","kohtalainen tai pieni","omalle tai seudulliselle palvelusivulle on yleensä parempi mahdollisuus","uutiset löytyvät usein paikallis- tai seutulehdestä, joskus myös kunnan uutisista","ok-regional","ok-own","missing"
"410","Laukaa","Keski-Suomen hyvinvointialue","18808","keskisuuri","kohtalainen tai pieni","omalle tai seudulliselle palvelusivulle on yleensä parempi mahdollisuus","uutiset löytyvät usein paikallis- tai seutulehdestä, joskus myös kunnan uutisista","ok-regional","ok-own","ok-own"
"416","Lemi","Etelä-Karjalan hyvinvointialue","2878","pieni","suuri","palvelu voi olla kunnan oma sivu, asiointiliikenne tai taksipohjainen ratkaisu","paikallisuutiset voivat tulla seutulehdestä tai maakuntalehdestä","ok-own","missing","ok-own"
"417","Lemland","Ahvenanmaa","2139","pieni","suuri","palvelu voi olla kunnan oma sivu, asiointiliikenne tai taksipohjainen ratkaisu","paikallisuutiset voivat tulla seutulehdestä tai maakuntalehdestä","ok-regional","missing","missing"
"418","Lempäälä","Pirkanmaan hyvinvointialue","25041","suuri","pieni","omaa tai selkeää seudullista joukkoliikenne- ja palveluliikennetietoa kannattaa odottaa","paikallinen tai seudullinen uutislähde on usein löydettävissä","ok-regional","ok-own","ok-own"
"420","Leppävirta","Pohjois-Savon hyvinvointialue","8924","pienehkö","kohtalainen","oma tai seudullinen joukkoliikenne- ja palveluliikennesivu on mahdollinen","paikallislehti tai seutulehti on todennäköinen ensisijainen lähde","ok-regional","ok-own","ok-own"
"421","Lestijärvi","Keski-Pohjanmaan hyvinvointialue","656","erittäin pieni","erittäin suuri","palvelut ovat usein seudullisia, kutsupohjaisia tai taksiyrittäjän hoitamia","uutiset löytyvät usein seutu- tai maakuntalehdestä","ok-regional","missing","ok-own"
"422","Lieksa","Pohjois-Karjalan hyvinvointialue","9846","pienehkö","kohtalainen","oma tai seudullinen joukkoliikenne- ja palveluliikennesivu on mahdollinen","paikallislehti tai seutulehti on todennäköinen ensisijainen lähde","ok-own","ok-own","ok-own"
"423","Lieto","Varsinais-Suomen hyvinvointialue","20732","suuri","pieni","omaa tai selkeää seudullista joukkoliikenne- ja palveluliikennetietoa kannattaa odottaa","paikallinen tai seudullinen uutislähde on usein löydettävissä","ok-regional","ok-own","ok-own"
"425","Liminka","Pohjois-Pohjanmaan hyvinvointialue","10116","keskisuuri","kohtalainen tai pieni","omalle tai seudulliselle palvelusivulle on yleensä parempi mahdollisuus","uutiset löytyvät usein paikallis- tai seutulehdestä, joskus myös kunnan uutisista","ok-regional","missing","ok-own"
"426","Liperi","Pohjois-Karjalan hyvinvointialue","11980","keskisuuri","kohtalainen tai pieni","omalle tai seudulliselle palvelusivulle on yleensä parempi mahdollisuus","uutiset löytyvät usein paikallis- tai seutulehdestä, joskus myös kunnan uutisista","ok-regional","missing","ok-own"
"444","Lohja","Länsi-Uudenmaan hyvinvointialue","45435","suuri","pieni","omaa tai selkeää seudullista joukkoliikenne- ja palveluliikennetietoa kannattaa odottaa","paikallinen tai seudullinen uutislähde on usein löydettävissä","fallback-national","ok-own","ok-own"
"430","Loimaa","Varsinais-Suomen hyvinvointialue","15124","keskisuuri","kohtalainen tai pieni","omalle tai seudulliselle palvelusivulle on yleensä parempi mahdollisuus","uutiset löytyvät usein paikallis- tai seutulehdestä, joskus myös kunnan uutisista","ok-regional","ok-own","ok-own"
"433","Loppi","Kanta-Hämeen hyvinvointialue","7574","pienehkö","kohtalainen","oma tai seudullinen joukkoliikenne- ja palveluliikennesivu on mahdollinen","paikallislehti tai seutulehti on todennäköinen ensisijainen lähde","ok-own","ok-own","ok-own"
"434","Loviisa","Itä-Uudenmaan hyvinvointialue","14196","keskisuuri","kohtalainen tai pieni","omalle tai seudulliselle palvelusivulle on yleensä parempi mahdollisuus","uutiset löytyvät usein paikallis- tai seutulehdestä, joskus myös kunnan uutisista","ok-own","ok-own","ok-own"
"435","Luhanka","Keski-Suomen hyvinvointialue","695","erittäin pieni","erittäin suuri","palvelut ovat usein seudullisia, kutsupohjaisia tai taksiyrittäjän hoitamia","uutiset löytyvät usein seutu- tai maakuntalehdestä","ok-own","ok-own","ok-own"
"436","Lumijoki","Pohjois-Pohjanmaan hyvinvointialue","2018","pieni","suuri","palvelu voi olla kunnan oma sivu, asiointiliikenne tai taksipohjainen ratkaisu","paikallisuutiset voivat tulla seutulehdestä tai maakuntalehdestä","ok-regional","missing","ok-own"
"438","Lumparland","Ahvenanmaa","371","erittäin pieni","erittäin suuri","palvelut ovat usein seudullisia, kutsupohjaisia tai taksiyrittäjän hoitamia","uutiset löytyvät usein seutu- tai maakuntalehdestä","ok-regional","missing","missing"
"440","Luoto","Pohjanmaan hyvinvointialue","5955","pienehkö","kohtalainen","oma tai seudullinen joukkoliikenne- ja palveluliikennesivu on mahdollinen","paikallislehti tai seutulehti on todennäköinen ensisijainen lähde","ok-own","ok-own","ok-own"
"441","Luumäki","Etelä-Karjalan hyvinvointialue","4304","pieni","suuri","palvelu voi olla kunnan oma sivu, asiointiliikenne tai taksipohjainen ratkaisu","paikallisuutiset voivat tulla seutulehdestä tai maakuntalehdestä","ok-own","missing","missing"
"475","Maalahti","Pohjanmaan hyvinvointialue","5392","pienehkö","kohtalainen","oma tai seudullinen joukkoliikenne- ja palveluliikennesivu on mahdollinen","paikallislehti tai seutulehti on todennäköinen ensisijainen lähde","ok-regional","missing","missing"
"478","Maarianhamina - Mariehamn","Ahvenanmaa","11957","keskisuuri","kohtalainen tai pieni","omalle tai seudulliselle palvelusivulle on yleensä parempi mahdollisuus","uutiset löytyvät usein paikallis- tai seutulehdestä, joskus myös kunnan uutisista","ok-regional","missing","missing"
"480","Marttila","Varsinais-Suomen hyvinvointialue","1890","erittäin pieni","erittäin suuri","palvelut ovat usein seudullisia, kutsupohjaisia tai taksiyrittäjän hoitamia","uutiset löytyvät usein seutu- tai maakuntalehdestä","ok-regional","missing","missing"
"481","Masku","Varsinais-Suomen hyvinvointialue","9612","pienehkö","kohtalainen","oma tai seudullinen joukkoliikenne- ja palveluliikennesivu on mahdollinen","paikallislehti tai seutulehti on todennäköinen ensisijainen lähde","ok-regional","ok-own","ok-own"
"483","Merijärvi","Pohjois-Pohjanmaan hyvinvointialue","1031","erittäin pieni","erittäin suuri","palvelut ovat usein seudullisia, kutsupohjaisia tai taksiyrittäjän hoitamia","uutiset löytyvät usein seutu- tai maakuntalehdestä","ok-own","missing","missing"
"484","Merikarvia","Satakunnan hyvinvointialue","2834","pieni","suuri","palvelu voi olla kunnan oma sivu, asiointiliikenne tai taksipohjainen ratkaisu","paikallisuutiset voivat tulla seutulehdestä tai maakuntalehdestä","ok-regional","missing","ok-own"
"489","Miehikkälä","Kymenlaakson hyvinvointialue","1664","erittäin pieni","erittäin suuri","palvelut ovat usein seudullisia, kutsupohjaisia tai taksiyrittäjän hoitamia","uutiset löytyvät usein seutu- tai maakuntalehdestä","fallback-national","ok-own","missing"
"491","Mikkeli","Etelä-Savon hyvinvointialue","51551","erittäin suuri","hyvin pieni","omaa tai vahvaa seudullista palvelutietoa kannattaa odottaa","paikallinen, seudullinen tai kaupunkikohtainen uutislähde on yleensä löydettävissä","fallback-national","ok-own","ok-own"
"494","Muhos","Pohjois-Pohjanmaan hyvinvointialue","8767","pienehkö","kohtalainen","oma tai seudullinen joukkoliikenne- ja palveluliikennesivu on mahdollinen","paikallislehti tai seutulehti on todennäköinen ensisijainen lähde","ok-regional","missing","ok-own"
"495","Multia","Keski-Suomen hyvinvointialue","1386","erittäin pieni","erittäin suuri","palvelut ovat usein seudullisia, kutsupohjaisia tai taksiyrittäjän hoitamia","uutiset löytyvät usein seutu- tai maakuntalehdestä","fallback-national","ok-own","missing"
"498","Muonio","Lapin hyvinvointialue","2323","pieni","suuri","palvelu voi olla kunnan oma sivu, asiointiliikenne tai taksipohjainen ratkaisu","paikallisuutiset voivat tulla seutulehdestä tai maakuntalehdestä","ok-regional","ok-own","missing"
"499","Mustasaari","Pohjanmaan hyvinvointialue","19792","keskisuuri","kohtalainen tai pieni","omalle tai seudulliselle palvelusivulle on yleensä parempi mahdollisuus","uutiset löytyvät usein paikallis- tai seutulehdestä, joskus myös kunnan uutisista","ok-regional","missing","ok-own"
"500","Muurame","Keski-Suomen hyvinvointialue","10646","keskisuuri","kohtalainen tai pieni","omalle tai seudulliselle palvelusivulle on yleensä parempi mahdollisuus","uutiset löytyvät usein paikallis- tai seutulehdestä, joskus myös kunnan uutisista","ok-regional","ok-own","ok-own"
"503","Mynämäki","Varsinais-Suomen hyvinvointialue","7424","pienehkö","kohtalainen","oma tai seudullinen joukkoliikenne- ja palveluliikennesivu on mahdollinen","paikallislehti tai seutulehti on todennäköinen ensisijainen lähde","ok-regional","ok-own","ok-own"
"504","Myrskylä","Itä-Uudenmaan hyvinvointialue","1692","erittäin pieni","erittäin suuri","palvelut ovat usein seudullisia, kutsupohjaisia tai taksiyrittäjän hoitamia","uutiset löytyvät usein seutu- tai maakuntalehdestä","fallback-national","ok-own","ok-own"
"505","Mäntsälä","Keski-Uudenmaan hyvinvointialue","20861","suuri","pieni","omaa tai selkeää seudullista joukkoliikenne- ja palveluliikennetietoa kannattaa odottaa","paikallinen tai seudullinen uutislähde on usein löydettävissä","ok-own","missing","ok-own"
"508","Mänttä-Vilppula","Pirkanmaan hyvinvointialue","9109","pienehkö","kohtalainen","oma tai seudullinen joukkoliikenne- ja palveluliikennesivu on mahdollinen","paikallislehti tai seutulehti on todennäköinen ensisijainen lähde","fallback-national","ok-own","missing"
"507","Mäntyharju","Etelä-Savon hyvinvointialue","7034","pienehkö","kohtalainen","oma tai seudullinen joukkoliikenne- ja palveluliikennesivu on mahdollinen","paikallislehti tai seutulehti on todennäköinen ensisijainen lähde","ok-regional","ok-own","ok-own"
"529","Naantali","Varsinais-Suomen hyvinvointialue","20390","suuri","pieni","omaa tai selkeää seudullista joukkoliikenne- ja palveluliikennetietoa kannattaa odottaa","paikallinen tai seudullinen uutislähde on usein löydettävissä","ok-regional","ok-own","ok-own"
"531","Nakkila","Satakunnan hyvinvointialue","4890","pieni","suuri","palvelu voi olla kunnan oma sivu, asiointiliikenne tai taksipohjainen ratkaisu","paikallisuutiset voivat tulla seutulehdestä tai maakuntalehdestä","ok-regional","missing","missing"
"535","Nivala","Pohjois-Pohjanmaan hyvinvointialue","10300","keskisuuri","kohtalainen tai pieni","omalle tai seudulliselle palvelusivulle on yleensä parempi mahdollisuus","uutiset löytyvät usein paikallis- tai seutulehdestä, joskus myös kunnan uutisista","fallback-national","ok-own","ok-own"
"536","Nokia","Pirkanmaan hyvinvointialue","36571","suuri","pieni","omaa tai selkeää seudullista joukkoliikenne- ja palveluliikennetietoa kannattaa odottaa","paikallinen tai seudullinen uutislähde on usein löydettävissä","ok-regional","ok-own","ok-own"
"538","Nousiainen","Varsinais-Suomen hyvinvointialue","4667","pieni","suuri","palvelu voi olla kunnan oma sivu, asiointiliikenne tai taksipohjainen ratkaisu","paikallisuutiset voivat tulla seutulehdestä tai maakuntalehdestä","ok-regional","missing","ok-own"
"541","Nurmes","Pohjois-Karjalan hyvinvointialue","8760","pienehkö","kohtalainen","oma tai seudullinen joukkoliikenne- ja palveluliikennesivu on mahdollinen","paikallislehti tai seutulehti on todennäköinen ensisijainen lähde","ok-own","ok-own","ok-own"
"543","Nurmijärvi","Keski-Uudenmaan hyvinvointialue","45333","suuri","pieni","omaa tai selkeää seudullista joukkoliikenne- ja palveluliikennetietoa kannattaa odottaa","paikallinen tai seudullinen uutislähde on usein löydettävissä","fallback-national","ok-own","ok-own"
"545","Närpiö","Pohjanmaan hyvinvointialue","9538","pienehkö","kohtalainen","oma tai seudullinen joukkoliikenne- ja palveluliikennesivu on mahdollinen","paikallislehti tai seutulehti on todennäköinen ensisijainen lähde","ok-regional","ok-own","ok-own"
"560","Orimattila","Päijät-Hämeen hyvinvointialue","15575","keskisuuri","kohtalainen tai pieni","omalle tai seudulliselle palvelusivulle on yleensä parempi mahdollisuus","uutiset löytyvät usein paikallis- tai seutulehdestä, joskus myös kunnan uutisista","ok-regional","ok-own","ok-own"
"561","Oripää","Varsinais-Suomen hyvinvointialue","1264","erittäin pieni","erittäin suuri","palvelut ovat usein seudullisia, kutsupohjaisia tai taksiyrittäjän hoitamia","uutiset löytyvät usein seutu- tai maakuntalehdestä","ok-regional","missing","ok-own"
"562","Orivesi","Pirkanmaan hyvinvointialue","8858","pienehkö","kohtalainen","oma tai seudullinen joukkoliikenne- ja palveluliikennesivu on mahdollinen","paikallislehti tai seutulehti on todennäköinen ensisijainen lähde","ok-regional","ok-own","ok-own"
"563","Oulainen","Pohjois-Pohjanmaan hyvinvointialue","6832","pienehkö","kohtalainen","oma tai seudullinen joukkoliikenne- ja palveluliikennesivu on mahdollinen","paikallislehti tai seutulehti on todennäköinen ensisijainen lähde","fallback-national","ok-own","ok-own"
"564","Oulu","Pohjois-Pohjanmaan hyvinvointialue","217469","erittäin suuri","hyvin pieni","omaa tai vahvaa seudullista palvelutietoa kannattaa odottaa","paikallinen, seudullinen tai kaupunkikohtainen uutislähde on yleensä löydettävissä","ok-regional","ok-own","missing"
"309","Outokumpu","Pohjois-Karjalan hyvinvointialue","6365","pienehkö","kohtalainen","oma tai seudullinen joukkoliikenne- ja palveluliikennesivu on mahdollinen","paikallislehti tai seutulehti on todennäköinen ensisijainen lähde","fallback-national","ok-own","ok-own"
"576","Padasjoki","Päijät-Hämeen hyvinvointialue","2656","pieni","suuri","palvelu voi olla kunnan oma sivu, asiointiliikenne tai taksipohjainen ratkaisu","paikallisuutiset voivat tulla seutulehdestä tai maakuntalehdestä","ok-regional","ok-own","ok-own"
"577","Paimio","Varsinais-Suomen hyvinvointialue","11284","keskisuuri","kohtalainen tai pieni","omalle tai seudulliselle palvelusivulle on yleensä parempi mahdollisuus","uutiset löytyvät usein paikallis- tai seutulehdestä, joskus myös kunnan uutisista","ok-regional","ok-own","ok-own"
"578","Paltamo","Kainuun hyvinvointialue","2941","pieni","suuri","palvelu voi olla kunnan oma sivu, asiointiliikenne tai taksipohjainen ratkaisu","paikallisuutiset voivat tulla seutulehdestä tai maakuntalehdestä","fallback-national","ok-own","missing"
"445","Parainen","Varsinais-Suomen hyvinvointialue","14712","keskisuuri","kohtalainen tai pieni","omalle tai seudulliselle palvelusivulle on yleensä parempi mahdollisuus","uutiset löytyvät usein paikallis- tai seutulehdestä, joskus myös kunnan uutisista","ok-regional","ok-own","ok-own"
"580","Parikkala","Etelä-Karjalan hyvinvointialue","4235","pieni","suuri","palvelu voi olla kunnan oma sivu, asiointiliikenne tai taksipohjainen ratkaisu","paikallisuutiset voivat tulla seutulehdestä tai maakuntalehdestä","fallback-national","ok-own","ok-own"
"581","Parkano","Pirkanmaan hyvinvointialue","6011","pienehkö","kohtalainen","oma tai seudullinen joukkoliikenne- ja palveluliikennesivu on mahdollinen","paikallislehti tai seutulehti on todennäköinen ensisijainen lähde","fallback-national","ok-own","ok-own"
"599","Pedersören kunta","Pohjanmaan hyvinvointialue","11289","keskisuuri","kohtalainen tai pieni","omalle tai seudulliselle palvelusivulle on yleensä parempi mahdollisuus","uutiset löytyvät usein paikallis- tai seutulehdestä, joskus myös kunnan uutisista","ok-regional","ok-own","missing"
"583","Pelkosenniemi","Lapin hyvinvointialue","932","erittäin pieni","erittäin suuri","palvelut ovat usein seudullisia, kutsupohjaisia tai taksiyrittäjän hoitamia","uutiset löytyvät usein seutu- tai maakuntalehdestä","fallback-national","ok-own","ok-own"
"854","Pello","Lapin hyvinvointialue","3146","pieni","suuri","palvelu voi olla kunnan oma sivu, asiointiliikenne tai taksipohjainen ratkaisu","paikallisuutiset voivat tulla seutulehdestä tai maakuntalehdestä","ok-own","ok-own","missing"
"584","Perho","Keski-Pohjanmaan hyvinvointialue","2547","pieni","suuri","palvelu voi olla kunnan oma sivu, asiointiliikenne tai taksipohjainen ratkaisu","paikallisuutiset voivat tulla seutulehdestä tai maakuntalehdestä","ok-regional","missing","ok-own"
"592","Petäjävesi","Keski-Suomen hyvinvointialue","3511","pieni","suuri","palvelu voi olla kunnan oma sivu, asiointiliikenne tai taksipohjainen ratkaisu","paikallisuutiset voivat tulla seutulehdestä tai maakuntalehdestä","ok-regional","ok-own","ok-own"
"593","Pieksämäki","Etelä-Savon hyvinvointialue","17124","keskisuuri","kohtalainen tai pieni","omalle tai seudulliselle palvelusivulle on yleensä parempi mahdollisuus","uutiset löytyvät usein paikallis- tai seutulehdestä, joskus myös kunnan uutisista","fallback-national","ok-own","ok-own"
"595","Pielavesi","Pohjois-Savon hyvinvointialue","3873","pieni","suuri","palvelu voi olla kunnan oma sivu, asiointiliikenne tai taksipohjainen ratkaisu","paikallisuutiset voivat tulla seutulehdestä tai maakuntalehdestä","ok-regional","missing","ok-own"
"598","Pietarsaari","Pohjanmaan hyvinvointialue","19657","keskisuuri","kohtalainen tai pieni","omalle tai seudulliselle palvelusivulle on yleensä parempi mahdollisuus","uutiset löytyvät usein paikallis- tai seutulehdestä, joskus myös kunnan uutisista","ok-own","ok-own","ok-own"
"601","Pihtipudas","Keski-Suomen hyvinvointialue","3676","pieni","suuri","palvelu voi olla kunnan oma sivu, asiointiliikenne tai taksipohjainen ratkaisu","paikallisuutiset voivat tulla seutulehdestä tai maakuntalehdestä","ok-regional","ok-own","ok-own"
"604","Pirkkala","Pirkanmaan hyvinvointialue","21373","suuri","pieni","omaa tai selkeää seudullista joukkoliikenne- ja palveluliikennetietoa kannattaa odottaa","paikallinen tai seudullinen uutislähde on usein löydettävissä","ok-regional","ok-own","ok-own"
"607","Polvijärvi","Pohjois-Karjalan hyvinvointialue","3942","pieni","suuri","palvelu voi olla kunnan oma sivu, asiointiliikenne tai taksipohjainen ratkaisu","paikallisuutiset voivat tulla seutulehdestä tai maakuntalehdestä","fallback-national","ok-own","missing"
"608","Pomarkku","Satakunnan hyvinvointialue","1893","erittäin pieni","erittäin suuri","palvelut ovat usein seudullisia, kutsupohjaisia tai taksiyrittäjän hoitamia","uutiset löytyvät usein seutu- tai maakuntalehdestä","ok-regional","missing","ok-own"
"609","Pori","Satakunnan hyvinvointialue","83010","erittäin suuri","hyvin pieni","omaa tai vahvaa seudullista palvelutietoa kannattaa odottaa","paikallinen, seudullinen tai kaupunkikohtainen uutislähde on yleensä löydettävissä","ok-regional","missing","ok-own"
"611","Pornainen","Keski-Uudenmaan hyvinvointialue","4919","pieni","suuri","palvelu voi olla kunnan oma sivu, asiointiliikenne tai taksipohjainen ratkaisu","paikallisuutiset voivat tulla seutulehdestä tai maakuntalehdestä","fallback-national","ok-own","ok-own"
"638","Porvoo","Itä-Uudenmaan hyvinvointialue","51863","erittäin suuri","hyvin pieni","omaa tai vahvaa seudullista palvelutietoa kannattaa odottaa","paikallinen, seudullinen tai kaupunkikohtainen uutislähde on yleensä löydettävissä","fallback-national","ok-own","ok-own"
"614","Posio","Lapin hyvinvointialue","2826","pieni","suuri","palvelu voi olla kunnan oma sivu, asiointiliikenne tai taksipohjainen ratkaisu","paikallisuutiset voivat tulla seutulehdestä tai maakuntalehdestä","fallback-national","ok-own","ok-own"
"615","Pudasjärvi","Pohjois-Pohjanmaan hyvinvointialue","7168","pienehkö","kohtalainen","oma tai seudullinen joukkoliikenne- ja palveluliikennesivu on mahdollinen","paikallislehti tai seutulehti on todennäköinen ensisijainen lähde","fallback-national","ok-own","missing"
"616","Pukkila","Itä-Uudenmaan hyvinvointialue","1720","erittäin pieni","erittäin suuri","palvelut ovat usein seudullisia, kutsupohjaisia tai taksiyrittäjän hoitamia","uutiset löytyvät usein seutu- tai maakuntalehdestä","ok-regional","missing","missing"
"619","Punkalaidun","Pirkanmaan hyvinvointialue","2546","pieni","suuri","palvelu voi olla kunnan oma sivu, asiointiliikenne tai taksipohjainen ratkaisu","paikallisuutiset voivat tulla seutulehdestä tai maakuntalehdestä","ok-own","missing","missing"
"620","Puolanka","Kainuun hyvinvointialue","2322","pieni","suuri","palvelu voi olla kunnan oma sivu, asiointiliikenne tai taksipohjainen ratkaisu","paikallisuutiset voivat tulla seutulehdestä tai maakuntalehdestä","ok-regional","missing","ok-own"
"623","Puumala","Etelä-Savon hyvinvointialue","2081","pieni","suuri","palvelu voi olla kunnan oma sivu, asiointiliikenne tai taksipohjainen ratkaisu","paikallisuutiset voivat tulla seutulehdestä tai maakuntalehdestä","fallback-national","ok-own","ok-own"
"624","Pyhtää","Kymenlaakson hyvinvointialue","5016","pienehkö","kohtalainen","oma tai seudullinen joukkoliikenne- ja palveluliikennesivu on mahdollinen","paikallislehti tai seutulehti on todennäköinen ensisijainen lähde","ok-regional","missing","ok-own"
"625","Pyhäjoki","Pohjois-Pohjanmaan hyvinvointialue","2938","pieni","suuri","palvelu voi olla kunnan oma sivu, asiointiliikenne tai taksipohjainen ratkaisu","paikallisuutiset voivat tulla seutulehdestä tai maakuntalehdestä","ok-own","missing","ok-own"
"626","Pyhäjärvi","Pohjois-Pohjanmaan hyvinvointialue","4551","pieni","suuri","palvelu voi olla kunnan oma sivu, asiointiliikenne tai taksipohjainen ratkaisu","paikallisuutiset voivat tulla seutulehdestä tai maakuntalehdestä","fallback-national","ok-own","ok-own"
"630","Pyhäntä","Pohjois-Pohjanmaan hyvinvointialue","1678","erittäin pieni","erittäin suuri","palvelut ovat usein seudullisia, kutsupohjaisia tai taksiyrittäjän hoitamia","uutiset löytyvät usein seutu- tai maakuntalehdestä","fallback-national","ok-own","ok-own"
"631","Pyhäranta","Varsinais-Suomen hyvinvointialue","1892","erittäin pieni","erittäin suuri","palvelut ovat usein seudullisia, kutsupohjaisia tai taksiyrittäjän hoitamia","uutiset löytyvät usein seutu- tai maakuntalehdestä","ok-regional","ok-own","ok-own"
"635","Pälkäne","Pirkanmaan hyvinvointialue","6146","pienehkö","kohtalainen","oma tai seudullinen joukkoliikenne- ja palveluliikennesivu on mahdollinen","paikallislehti tai seutulehti on todennäköinen ensisijainen lähde","fallback-national","ok-own","ok-own"
"636","Pöytyä","Varsinais-Suomen hyvinvointialue","7903","pienehkö","kohtalainen","oma tai seudullinen joukkoliikenne- ja palveluliikennesivu on mahdollinen","paikallislehti tai seutulehti on todennäköinen ensisijainen lähde","ok-regional","ok-own","missing"
"678","Raahe","Pohjois-Pohjanmaan hyvinvointialue","23413","suuri","pieni","omaa tai selkeää seudullista joukkoliikenne- ja palveluliikennetietoa kannattaa odottaa","paikallinen tai seudullinen uutislähde on usein löydettävissä","fallback-national","ok-own","ok-own"
"710","Raasepori","Länsi-Uudenmaan hyvinvointialue","26856","suuri","pieni","omaa tai selkeää seudullista joukkoliikenne- ja palveluliikennetietoa kannattaa odottaa","paikallinen tai seudullinen uutislähde on usein löydettävissä","ok-regional","missing","ok-own"
"680","Raisio","Varsinais-Suomen hyvinvointialue","26036","suuri","pieni","omaa tai selkeää seudullista joukkoliikenne- ja palveluliikennetietoa kannattaa odottaa","paikallinen tai seudullinen uutislähde on usein löydettävissä","ok-regional","ok-own","ok-own"
"681","Rantasalmi","Etelä-Savon hyvinvointialue","3219","pieni","suuri","palvelu voi olla kunnan oma sivu, asiointiliikenne tai taksipohjainen ratkaisu","paikallisuutiset voivat tulla seutulehdestä tai maakuntalehdestä","fallback-national","ok-own","ok-own"
"683","Ranua","Lapin hyvinvointialue","3530","pieni","suuri","palvelu voi olla kunnan oma sivu, asiointiliikenne tai taksipohjainen ratkaisu","paikallisuutiset voivat tulla seutulehdestä tai maakuntalehdestä","fallback-national","ok-own","ok-own"
"684","Rauma","Satakunnan hyvinvointialue","38773","suuri","pieni","omaa tai selkeää seudullista joukkoliikenne- ja palveluliikennetietoa kannattaa odottaa","paikallinen tai seudullinen uutislähde on usein löydettävissä","ok-regional","ok-own","ok-own"
"686","Rautalampi","Pohjois-Savon hyvinvointialue","2928","pieni","suuri","palvelu voi olla kunnan oma sivu, asiointiliikenne tai taksipohjainen ratkaisu","paikallisuutiset voivat tulla seutulehdestä tai maakuntalehdestä","ok-regional","ok-own","ok-own"
"687","Rautavaara","Pohjois-Savon hyvinvointialue","1398","erittäin pieni","erittäin suuri","palvelut ovat usein seudullisia, kutsupohjaisia tai taksiyrittäjän hoitamia","uutiset löytyvät usein seutu- tai maakuntalehdestä","fallback-national","ok-own","missing"
"689","Rautjärvi","Etelä-Karjalan hyvinvointialue","2888","pieni","suuri","palvelu voi olla kunnan oma sivu, asiointiliikenne tai taksipohjainen ratkaisu","paikallisuutiset voivat tulla seutulehdestä tai maakuntalehdestä","fallback-national","ok-own","ok-own"
"691","Reisjärvi","Pohjois-Pohjanmaan hyvinvointialue","2476","pieni","suuri","palvelu voi olla kunnan oma sivu, asiointiliikenne tai taksipohjainen ratkaisu","paikallisuutiset voivat tulla seutulehdestä tai maakuntalehdestä","ok-own","ok-own","ok-own"
"694","Riihimäki","Kanta-Hämeen hyvinvointialue","28555","suuri","pieni","omaa tai selkeää seudullista joukkoliikenne- ja palveluliikennetietoa kannattaa odottaa","paikallinen tai seudullinen uutislähde on usein löydettävissä","ok-own","ok-own","missing"
"697","Ristijärvi","Kainuun hyvinvointialue","1158","erittäin pieni","erittäin suuri","palvelut ovat usein seudullisia, kutsupohjaisia tai taksiyrittäjän hoitamia","uutiset löytyvät usein seutu- tai maakuntalehdestä","fallback-national","ok-own","missing"
"698","Rovaniemi","Lapin hyvinvointialue","66191","erittäin suuri","hyvin pieni","omaa tai vahvaa seudullista palvelutietoa kannattaa odottaa","paikallinen, seudullinen tai kaupunkikohtainen uutislähde on yleensä löydettävissä","ok-regional","missing","missing"
"700","Ruokolahti","Etelä-Karjalan hyvinvointialue","4679","pieni","suuri","palvelu voi olla kunnan oma sivu, asiointiliikenne tai taksipohjainen ratkaisu","paikallisuutiset voivat tulla seutulehdestä tai maakuntalehdestä","ok-own","ok-own","missing"
"702","Ruovesi","Pirkanmaan hyvinvointialue","3995","pieni","suuri","palvelu voi olla kunnan oma sivu, asiointiliikenne tai taksipohjainen ratkaisu","paikallisuutiset voivat tulla seutulehdestä tai maakuntalehdestä","fallback-national","ok-own","ok-own"
"704","Rusko","Varsinais-Suomen hyvinvointialue","6381","pienehkö","kohtalainen","oma tai seudullinen joukkoliikenne- ja palveluliikennesivu on mahdollinen","paikallislehti tai seutulehti on todennäköinen ensisijainen lähde","ok-regional","missing","ok-own"
"707","Rääkkylä","Pohjois-Karjalan hyvinvointialue","1830","erittäin pieni","erittäin suuri","palvelut ovat usein seudullisia, kutsupohjaisia tai taksiyrittäjän hoitamia","uutiset löytyvät usein seutu- tai maakuntalehdestä","fallback-national","ok-own","ok-own"
"729","Saarijärvi","Keski-Suomen hyvinvointialue","8763","pienehkö","kohtalainen","oma tai seudullinen joukkoliikenne- ja palveluliikennesivu on mahdollinen","paikallislehti tai seutulehti on todennäköinen ensisijainen lähde","ok-regional","missing","missing"
"732","Salla","Lapin hyvinvointialue","3231","pieni","suuri","palvelu voi olla kunnan oma sivu, asiointiliikenne tai taksipohjainen ratkaisu","paikallisuutiset voivat tulla seutulehdestä tai maakuntalehdestä","fallback-national","ok-own","ok-own"
"734","Salo","Varsinais-Suomen hyvinvointialue","50339","erittäin suuri","hyvin pieni","omaa tai vahvaa seudullista palvelutietoa kannattaa odottaa","paikallinen, seudullinen tai kaupunkikohtainen uutislähde on yleensä löydettävissä","ok-regional","ok-own","missing"
"736","Saltvik","Ahvenanmaa","1802","erittäin pieni","erittäin suuri","palvelut ovat usein seudullisia, kutsupohjaisia tai taksiyrittäjän hoitamia","uutiset löytyvät usein seutu- tai maakuntalehdestä","ok-regional","missing","missing"
"790","Sastamala","Pirkanmaan hyvinvointialue","23332","suuri","pieni","omaa tai selkeää seudullista joukkoliikenne- ja palveluliikennetietoa kannattaa odottaa","paikallinen tai seudullinen uutislähde on usein löydettävissä","fallback-national","ok-own","ok-own"
"738","Sauvo","Varsinais-Suomen hyvinvointialue","2957","pieni","suuri","palvelu voi olla kunnan oma sivu, asiointiliikenne tai taksipohjainen ratkaisu","paikallisuutiset voivat tulla seutulehdestä tai maakuntalehdestä","ok-regional","ok-own","ok-own"
"739","Savitaipale","Etelä-Karjalan hyvinvointialue","3094","pieni","suuri","palvelu voi olla kunnan oma sivu, asiointiliikenne tai taksipohjainen ratkaisu","paikallisuutiset voivat tulla seutulehdestä tai maakuntalehdestä","ok-own","ok-own","missing"
"740","Savonlinna","Etelä-Savon hyvinvointialue","31008","suuri","pieni","omaa tai selkeää seudullista joukkoliikenne- ja palveluliikennetietoa kannattaa odottaa","paikallinen tai seudullinen uutislähde on usein löydettävissä","fallback-national","ok-own","ok-own"
"742","Savukoski","Lapin hyvinvointialue","974","erittäin pieni","erittäin suuri","palvelut ovat usein seudullisia, kutsupohjaisia tai taksiyrittäjän hoitamia","uutiset löytyvät usein seutu- tai maakuntalehdestä","fallback-national","ok-own","missing"
"743","Seinäjoki","Etelä-Pohjanmaan hyvinvointialue","67283","erittäin suuri","hyvin pieni","omaa tai vahvaa seudullista palvelutietoa kannattaa odottaa","paikallinen, seudullinen tai kaupunkikohtainen uutislähde on yleensä löydettävissä","ok-regional","ok-own","ok-own"
"746","Sievi","Pohjois-Pohjanmaan hyvinvointialue","4585","pieni","suuri","palvelu voi olla kunnan oma sivu, asiointiliikenne tai taksipohjainen ratkaisu","paikallisuutiset voivat tulla seutulehdestä tai maakuntalehdestä","ok-own","missing","ok-own"
"747","Siikainen","Satakunnan hyvinvointialue","1229","erittäin pieni","erittäin suuri","palvelut ovat usein seudullisia, kutsupohjaisia tai taksiyrittäjän hoitamia","uutiset löytyvät usein seutu- tai maakuntalehdestä","ok-regional","missing","ok-own"
"748","Siikajoki","Pohjois-Pohjanmaan hyvinvointialue","4723","pieni","suuri","palvelu voi olla kunnan oma sivu, asiointiliikenne tai taksipohjainen ratkaisu","paikallisuutiset voivat tulla seutulehdestä tai maakuntalehdestä","fallback-national","ok-own","ok-own"
"791","Siikalatva","Pohjois-Pohjanmaan hyvinvointialue","4861","pieni","suuri","palvelu voi olla kunnan oma sivu, asiointiliikenne tai taksipohjainen ratkaisu","paikallisuutiset voivat tulla seutulehdestä tai maakuntalehdestä","fallback-national","ok-own","ok-own"
"749","Siilinjärvi","Pohjois-Savon hyvinvointialue","21348","suuri","pieni","omaa tai selkeää seudullista joukkoliikenne- ja palveluliikennetietoa kannattaa odottaa","paikallinen tai seudullinen uutislähde on usein löydettävissä","ok-regional","ok-own","ok-own"
"751","Simo","Lapin hyvinvointialue","2701","pieni","suuri","palvelu voi olla kunnan oma sivu, asiointiliikenne tai taksipohjainen ratkaisu","paikallisuutiset voivat tulla seutulehdestä tai maakuntalehdestä","ok-regional","ok-own","missing"
"753","Sipoo","Itä-Uudenmaan hyvinvointialue","23006","suuri","pieni","omaa tai selkeää seudullista joukkoliikenne- ja palveluliikennetietoa kannattaa odottaa","paikallinen tai seudullinen uutislähde on usein löydettävissä","ok-regional","missing","ok-own"
"755","Siuntio","Länsi-Uudenmaan hyvinvointialue","6192","pienehkö","kohtalainen","oma tai seudullinen joukkoliikenne- ja palveluliikennesivu on mahdollinen","paikallislehti tai seutulehti on todennäköinen ensisijainen lähde","ok-regional","missing","ok-own"
"758","Sodankylä","Lapin hyvinvointialue","8095","pienehkö","kohtalainen","oma tai seudullinen joukkoliikenne- ja palveluliikennesivu on mahdollinen","paikallislehti tai seutulehti on todennäköinen ensisijainen lähde","fallback-national","ok-own","missing"
"759","Soini","Etelä-Pohjanmaan hyvinvointialue","1772","erittäin pieni","erittäin suuri","palvelut ovat usein seudullisia, kutsupohjaisia tai taksiyrittäjän hoitamia","uutiset löytyvät usein seutu- tai maakuntalehdestä","fallback-national","ok-own","missing"
"761","Somero","Varsinais-Suomen hyvinvointialue","8339","pienehkö","kohtalainen","oma tai seudullinen joukkoliikenne- ja palveluliikennesivu on mahdollinen","paikallislehti tai seutulehti on todennäköinen ensisijainen lähde","ok-regional","ok-own","ok-own"
"762","Sonkajärvi","Pohjois-Savon hyvinvointialue","3521","pieni","suuri","palvelu voi olla kunnan oma sivu, asiointiliikenne tai taksipohjainen ratkaisu","paikallisuutiset voivat tulla seutulehdestä tai maakuntalehdestä","ok-regional","ok-own","missing"
"765","Sotkamo","Kainuun hyvinvointialue","10161","keskisuuri","kohtalainen tai pieni","omalle tai seudulliselle palvelusivulle on yleensä parempi mahdollisuus","uutiset löytyvät usein paikallis- tai seutulehdestä, joskus myös kunnan uutisista","fallback-national","ok-own","ok-own"
"766","Sottunga","Ahvenanmaa","101","erittäin pieni","erittäin suuri","palvelut ovat usein seudullisia, kutsupohjaisia tai taksiyrittäjän hoitamia","uutiset löytyvät usein seutu- tai maakuntalehdestä","ok-regional","missing","missing"
"768","Sulkava","Etelä-Savon hyvinvointialue","2310","pieni","suuri","palvelu voi olla kunnan oma sivu, asiointiliikenne tai taksipohjainen ratkaisu","paikallisuutiset voivat tulla seutulehdestä tai maakuntalehdestä","ok-regional","ok-own","ok-own"
"771","Sund","Ahvenanmaa","1018","erittäin pieni","erittäin suuri","palvelut ovat usein seudullisia, kutsupohjaisia tai taksiyrittäjän hoitamia","uutiset löytyvät usein seutu- tai maakuntalehdestä","ok-regional","missing","missing"
"777","Suomussalmi","Kainuun hyvinvointialue","6957","pienehkö","kohtalainen","oma tai seudullinen joukkoliikenne- ja palveluliikennesivu on mahdollinen","paikallislehti tai seutulehti on todennäköinen ensisijainen lähde","ok-regional","missing","missing"
"778","Suonenjoki","Pohjois-Savon hyvinvointialue","6549","pienehkö","kohtalainen","oma tai seudullinen joukkoliikenne- ja palveluliikennesivu on mahdollinen","paikallislehti tai seutulehti on todennäköinen ensisijainen lähde","ok-regional","ok-own","ok-own"
"781","Sysmä","Päijät-Hämeen hyvinvointialue","3367","pieni","suuri","palvelu voi olla kunnan oma sivu, asiointiliikenne tai taksipohjainen ratkaisu","paikallisuutiset voivat tulla seutulehdestä tai maakuntalehdestä","fallback-national","ok-own","ok-own"
"783","Säkylä","Satakunnan hyvinvointialue","6221","pienehkö","kohtalainen","oma tai seudullinen joukkoliikenne- ja palveluliikennesivu on mahdollinen","paikallislehti tai seutulehti on todennäköinen ensisijainen lähde","ok-regional","missing","ok-own"
"831","Taipalsaari","Etelä-Karjalan hyvinvointialue","4574","pieni","suuri","palvelu voi olla kunnan oma sivu, asiointiliikenne tai taksipohjainen ratkaisu","paikallisuutiset voivat tulla seutulehdestä tai maakuntalehdestä","ok-own","missing","missing"
"832","Taivalkoski","Pohjois-Pohjanmaan hyvinvointialue","3555","pieni","suuri","palvelu voi olla kunnan oma sivu, asiointiliikenne tai taksipohjainen ratkaisu","paikallisuutiset voivat tulla seutulehdestä tai maakuntalehdestä","fallback-national","ok-own","ok-own"
"833","Taivassalo","Varsinais-Suomen hyvinvointialue","1707","erittäin pieni","erittäin suuri","palvelut ovat usein seudullisia, kutsupohjaisia tai taksiyrittäjän hoitamia","uutiset löytyvät usein seutu- tai maakuntalehdestä","ok-regional","ok-own","missing"
"834","Tammela","Kanta-Hämeen hyvinvointialue","5777","pienehkö","kohtalainen","oma tai seudullinen joukkoliikenne- ja palveluliikennesivu on mahdollinen","paikallislehti tai seutulehti on todennäköinen ensisijainen lähde","ok-own","ok-own","ok-own"
"837","Tampere","Pirkanmaan hyvinvointialue","263337","erittäin suuri","hyvin pieni","omaa tai vahvaa seudullista palvelutietoa kannattaa odottaa","paikallinen, seudullinen tai kaupunkikohtainen uutislähde on yleensä löydettävissä","ok-regional","missing","missing"
"844","Tervo","Pohjois-Savon hyvinvointialue","1388","erittäin pieni","erittäin suuri","palvelut ovat usein seudullisia, kutsupohjaisia tai taksiyrittäjän hoitamia","uutiset löytyvät usein seutu- tai maakuntalehdestä","fallback-national","ok-own","missing"
"845","Tervola","Lapin hyvinvointialue","2837","pieni","suuri","palvelu voi olla kunnan oma sivu, asiointiliikenne tai taksipohjainen ratkaisu","paikallisuutiset voivat tulla seutulehdestä tai maakuntalehdestä","ok-regional","ok-own","missing"
"846","Teuva","Etelä-Pohjanmaan hyvinvointialue","4574","pieni","suuri","palvelu voi olla kunnan oma sivu, asiointiliikenne tai taksipohjainen ratkaisu","paikallisuutiset voivat tulla seutulehdestä tai maakuntalehdestä","ok-own","missing","ok-own"
"848","Tohmajärvi","Pohjois-Karjalan hyvinvointialue","3869","pieni","suuri","palvelu voi olla kunnan oma sivu, asiointiliikenne tai taksipohjainen ratkaisu","paikallisuutiset voivat tulla seutulehdestä tai maakuntalehdestä","ok-own","ok-own","missing"
"849","Toholampi","Keski-Pohjanmaan hyvinvointialue","2750","pieni","suuri","palvelu voi olla kunnan oma sivu, asiointiliikenne tai taksipohjainen ratkaisu","paikallisuutiset voivat tulla seutulehdestä tai maakuntalehdestä","ok-regional","missing","ok-own"
"850","Toivakka","Keski-Suomen hyvinvointialue","2307","pieni","suuri","palvelu voi olla kunnan oma sivu, asiointiliikenne tai taksipohjainen ratkaisu","paikallisuutiset voivat tulla seutulehdestä tai maakuntalehdestä","ok-regional","ok-own","ok-own"
"851","Tornio","Lapin hyvinvointialue","20823","suuri","pieni","omaa tai selkeää seudullista joukkoliikenne- ja palveluliikennetietoa kannattaa odottaa","paikallinen tai seudullinen uutislähde on usein löydettävissä","ok-regional","ok-own","ok-own"
"853","Turku","Varsinais-Suomen hyvinvointialue","209633","erittäin suuri","hyvin pieni","omaa tai vahvaa seudullista palvelutietoa kannattaa odottaa","paikallinen, seudullinen tai kaupunkikohtainen uutislähde on yleensä löydettävissä","ok-regional","ok-own","missing"
"857","Tuusniemi","Pohjois-Savon hyvinvointialue","2270","pieni","suuri","palvelu voi olla kunnan oma sivu, asiointiliikenne tai taksipohjainen ratkaisu","paikallisuutiset voivat tulla seutulehdestä tai maakuntalehdestä","ok-regional","ok-own","missing"
"858","Tuusula","Keski-Uudenmaan hyvinvointialue","42479","suuri","pieni","omaa tai selkeää seudullista joukkoliikenne- ja palveluliikennetietoa kannattaa odottaa","paikallinen tai seudullinen uutislähde on usein löydettävissä","ok-regional","missing","ok-own"
"859","Tyrnävä","Pohjois-Pohjanmaan hyvinvointialue","6470","pienehkö","kohtalainen","oma tai seudullinen joukkoliikenne- ja palveluliikennesivu on mahdollinen","paikallislehti tai seutulehti on todennäköinen ensisijainen lähde","ok-regional","ok-own","missing"
"886","Ulvila","Satakunnan hyvinvointialue","12339","keskisuuri","kohtalainen tai pieni","omalle tai seudulliselle palvelusivulle on yleensä parempi mahdollisuus","uutiset löytyvät usein paikallis- tai seutulehdestä, joskus myös kunnan uutisista","ok-regional","missing","ok-own"
"887","Urjala","Pirkanmaan hyvinvointialue","4440","pieni","suuri","palvelu voi olla kunnan oma sivu, asiointiliikenne tai taksipohjainen ratkaisu","paikallisuutiset voivat tulla seutulehdestä tai maakuntalehdestä","ok-regional","ok-own","ok-own"
"889","Utajärvi","Pohjois-Pohjanmaan hyvinvointialue","2399","pieni","suuri","palvelu voi olla kunnan oma sivu, asiointiliikenne tai taksipohjainen ratkaisu","paikallisuutiset voivat tulla seutulehdestä tai maakuntalehdestä","ok-regional","missing","missing"
"890","Utsjoki","Lapin hyvinvointialue","1112","erittäin pieni","erittäin suuri","palvelut ovat usein seudullisia, kutsupohjaisia tai taksiyrittäjän hoitamia","uutiset löytyvät usein seutu- tai maakuntalehdestä","ok-own","missing","missing"
"892","Uurainen","Keski-Suomen hyvinvointialue","3651","pieni","suuri","palvelu voi olla kunnan oma sivu, asiointiliikenne tai taksipohjainen ratkaisu","paikallisuutiset voivat tulla seutulehdestä tai maakuntalehdestä","ok-own","ok-own","missing"
"893","Uusikaarlepyy","Pohjanmaan hyvinvointialue","7391","pienehkö","kohtalainen","oma tai seudullinen joukkoliikenne- ja palveluliikennesivu on mahdollinen","paikallislehti tai seutulehti on todennäköinen ensisijainen lähde","ok-regional","missing","missing"
"895","Uusikaupunki","Varsinais-Suomen hyvinvointialue","14783","keskisuuri","kohtalainen tai pieni","omalle tai seudulliselle palvelusivulle on yleensä parempi mahdollisuus","uutiset löytyvät usein paikallis- tai seutulehdestä, joskus myös kunnan uutisista","ok-regional","ok-own","ok-own"
"785","Vaala","Pohjois-Pohjanmaan hyvinvointialue","2544","pieni","suuri","palvelu voi olla kunnan oma sivu, asiointiliikenne tai taksipohjainen ratkaisu","paikallisuutiset voivat tulla seutulehdestä tai maakuntalehdestä","fallback-national","ok-own","ok-own"
"905","Vaasa","Pohjanmaan hyvinvointialue","71209","erittäin suuri","hyvin pieni","omaa tai vahvaa seudullista palvelutietoa kannattaa odottaa","paikallinen, seudullinen tai kaupunkikohtainen uutislähde on yleensä löydettävissä","ok-regional","ok-own","ok-own"
"908","Valkeakoski","Pirkanmaan hyvinvointialue","20762","suuri","pieni","omaa tai selkeää seudullista joukkoliikenne- ja palveluliikennetietoa kannattaa odottaa","paikallinen tai seudullinen uutislähde on usein löydettävissä","ok-regional","missing","missing"
"092","Vantaa","Vantaan ja Keravan hyvinvointialue","252956","erittäin suuri","hyvin pieni","omaa tai vahvaa seudullista palvelutietoa kannattaa odottaa","paikallinen, seudullinen tai kaupunkikohtainen uutislähde on yleensä löydettävissä","ok-regional","missing","missing"
"915","Varkaus","Pohjois-Savon hyvinvointialue","19433","keskisuuri","kohtalainen tai pieni","omalle tai seudulliselle palvelusivulle on yleensä parempi mahdollisuus","uutiset löytyvät usein paikallis- tai seutulehdestä, joskus myös kunnan uutisista","ok-regional","ok-own","ok-own"
"918","Vehmaa","Varsinais-Suomen hyvinvointialue","2263","pieni","suuri","palvelu voi olla kunnan oma sivu, asiointiliikenne tai taksipohjainen ratkaisu","paikallisuutiset voivat tulla seutulehdestä tai maakuntalehdestä","ok-regional","missing","missing"
"921","Vesanto","Pohjois-Savon hyvinvointialue","1787","erittäin pieni","erittäin suuri","palvelut ovat usein seudullisia, kutsupohjaisia tai taksiyrittäjän hoitamia","uutiset löytyvät usein seutu- tai maakuntalehdestä","fallback-national","ok-own","ok-own"
"922","Vesilahti","Pirkanmaan hyvinvointialue","4532","pieni","suuri","palvelu voi olla kunnan oma sivu, asiointiliikenne tai taksipohjainen ratkaisu","paikallisuutiset voivat tulla seutulehdestä tai maakuntalehdestä","ok-regional","ok-own","ok-own"
"924","Veteli","Keski-Pohjanmaan hyvinvointialue","2912","pieni","suuri","palvelu voi olla kunnan oma sivu, asiointiliikenne tai taksipohjainen ratkaisu","paikallisuutiset voivat tulla seutulehdestä tai maakuntalehdestä","ok-regional","missing","ok-own"
"925","Vieremä","Pohjois-Savon hyvinvointialue","3295","pieni","suuri","palvelu voi olla kunnan oma sivu, asiointiliikenne tai taksipohjainen ratkaisu","paikallisuutiset voivat tulla seutulehdestä tai maakuntalehdestä","ok-regional","ok-own","ok-own"
"927","Vihti","Länsi-Uudenmaan hyvinvointialue","28852","suuri","pieni","omaa tai selkeää seudullista joukkoliikenne- ja palveluliikennetietoa kannattaa odottaa","paikallinen tai seudullinen uutislähde on usein löydettävissä","fallback-national","ok-own","ok-own"
"931","Viitasaari","Keski-Suomen hyvinvointialue","5695","pienehkö","kohtalainen","oma tai seudullinen joukkoliikenne- ja palveluliikennesivu on mahdollinen","paikallislehti tai seutulehti on todennäköinen ensisijainen lähde","ok-regional","ok-own","ok-own"
"934","Vimpeli","Etelä-Pohjanmaan hyvinvointialue","2554","pieni","suuri","palvelu voi olla kunnan oma sivu, asiointiliikenne tai taksipohjainen ratkaisu","paikallisuutiset voivat tulla seutulehdestä tai maakuntalehdestä","ok-regional","ok-own","ok-own"
"935","Virolahti","Kymenlaakson hyvinvointialue","2751","pieni","suuri","palvelu voi olla kunnan oma sivu, asiointiliikenne tai taksipohjainen ratkaisu","paikallisuutiset voivat tulla seutulehdestä tai maakuntalehdestä","fallback-national","ok-own","ok-own"
"936","Virrat","Pirkanmaan hyvinvointialue","6126","pienehkö","kohtalainen","oma tai seudullinen joukkoliikenne- ja palveluliikennesivu on mahdollinen","paikallislehti tai seutulehti on todennäköinen ensisijainen lähde","fallback-national","ok-own","missing"
"941","Vårdö","Ahvenanmaa","465","erittäin pieni","erittäin suuri","palvelut ovat usein seudullisia, kutsupohjaisia tai taksiyrittäjän hoitamia","uutiset löytyvät usein seutu- tai maakuntalehdestä","ok-regional","missing","missing"
"946","Vöyri","Pohjanmaan hyvinvointialue","6185","pienehkö","kohtalainen","oma tai seudullinen joukkoliikenne- ja palveluliikennesivu on mahdollinen","paikallislehti tai seutulehti on todennäköinen ensisijainen lähde","ok-own","missing","missing"
"976","Ylitornio","Lapin hyvinvointialue","3673","pieni","suuri","palvelu voi olla kunnan oma sivu, asiointiliikenne tai taksipohjainen ratkaisu","paikallisuutiset voivat tulla seutulehdestä tai maakuntalehdestä","fallback-national","ok-own","ok-own"
"977","Ylivieska","Pohjois-Pohjanmaan hyvinvointialue","15274","keskisuuri","kohtalainen tai pieni","omalle tai seudulliselle palvelusivulle on yleensä parempi mahdollisuus","uutiset löytyvät usein paikallis- tai seutulehdestä, joskus myös kunnan uutisista","ok-own","missing","ok-own"
"980","Ylöjärvi","Pirkanmaan hyvinvointialue","33658","suuri","pieni","omaa tai selkeää seudullista joukkoliikenne- ja palveluliikennetietoa kannattaa odottaa","paikallinen tai seudullinen uutislähde on usein löydettävissä","ok-regional","ok-own","ok-own"
"981","Ypäjä","Kanta-Hämeen hyvinvointialue","2186","pieni","suuri","palvelu voi olla kunnan oma sivu, asiointiliikenne tai taksipohjainen ratkaisu","paikallisuutiset voivat tulla seutulehdestä tai maakuntalehdestä","ok-own","ok-own","ok-own"
"989","Ähtäri","Etelä-Pohjanmaan hyvinvointialue","5121","pienehkö","kohtalainen","oma tai seudullinen joukkoliikenne- ja palveluliikennesivu on mahdollinen","paikallislehti tai seutulehti on todennäköinen ensisijainen lähde","ok-own","ok-own","missing"
"992","Äänekoski","Keski-Suomen hyvinvointialue","17492","keskisuuri","kohtalainen tai pieni","omalle tai seudulliselle palvelusivulle on yleensä parempi mahdollisuus","uutiset löytyvät usein paikallis- tai seutulehdestä, joskus myös kunnan uutisista","ok-regional","ok-own","missing"
