"Osio","Kategoria","Nimi","URL","Lähde","Tarkistus","HTTP","Turvallisuus","Lopullinen URL","Huomiot"
"Hyvinvointialueet","Hyvinvointialue","Hyvinvointialue 01","https://itauusimaa.fi/","localServices.ts","ok","200","ok","https://itauusimaa.fi/",""
"Hyvinvointialueet","Hyvinvointialue","Hyvinvointialue 02","https://www.keusote.fi/","localServices.ts","ok","200","ok","https://www.keusote.fi/",""
"Hyvinvointialueet","Hyvinvointialue","Hyvinvointialue 03","https://www.luvn.fi/","localServices.ts","ok","200","ok","https://www.luvn.fi/fi",""
"Hyvinvointialueet","Hyvinvointialue","Hyvinvointialue 04","https://vakehyva.fi/","localServices.ts","ok","200","ok","https://vakehyva.fi/fi",""
"Hyvinvointialueet","Hyvinvointialue","Hyvinvointialue 05","https://www.varha.fi/","localServices.ts","ok","200","ok","https://www.varha.fi/fi",""
"Hyvinvointialueet","Hyvinvointialue","Hyvinvointialue 06","https://sata.fi/","localServices.ts","ok","200","ok","https://satakunnanhyvinvointialue.fi/",""
"Hyvinvointialueet","Hyvinvointialue","Hyvinvointialue 07","https://omahame.fi/","localServices.ts","ok","200","ok","https://omahame.fi/",""
"Hyvinvointialueet","Hyvinvointialue","Hyvinvointialue 08","https://www.pirha.fi/","localServices.ts","ok","200","ok","https://www.pirha.fi/",""
"Hyvinvointialueet","Hyvinvointialue","Hyvinvointialue 09","https://paijat-sote.fi/","localServices.ts","ok","200","ok","https://paijatha.fi/",""
"Hyvinvointialueet","Hyvinvointialue","Hyvinvointialue 10","https://kymenhva.fi/","localServices.ts","ok","200","ok","https://kymenhva.fi/",""
"Hyvinvointialueet","Hyvinvointialue","Hyvinvointialue 11","https://www.ekhva.fi/","localServices.ts","ok","200","ok","https://www.ekhva.fi/",""
"Hyvinvointialueet","Hyvinvointialue","Hyvinvointialue 12","https://etelasavonha.fi/","localServices.ts","ok","200","ok","https://etelasavonha.fi/",""
"Hyvinvointialueet","Hyvinvointialue","Hyvinvointialue 13","https://pshyvinvointialue.fi/","localServices.ts","ok","200","ok","https://pshyvinvointialue.fi/",""
"Hyvinvointialueet","Hyvinvointialue","Hyvinvointialue 14","https://www.siunsote.fi/","localServices.ts","ok","200","ok","https://www.siunsote.fi/",""
"Hyvinvointialueet","Hyvinvointialue","Hyvinvointialue 15","https://www.hyvaks.fi/","localServices.ts","ok","200","ok","https://www.hyvaks.fi/",""
"Hyvinvointialueet","Hyvinvointialue","Hyvinvointialue 16","https://www.hyvaep.fi/","localServices.ts","huomio","500","ok","https://www.hyvaep.fi/","HTTP 500"
"Hyvinvointialueet","Hyvinvointialue","Hyvinvointialue 17","https://pohjanmaanhyvinvointi.fi/","localServices.ts","ok","200","ok","https://pohjanmaanhyvinvointi.fi/",""
"Hyvinvointialueet","Hyvinvointialue","Hyvinvointialue 18","https://soite.fi/","localServices.ts","ok","200","ok","https://soite.fi/",""
"Hyvinvointialueet","Hyvinvointialue","Hyvinvointialue 19","https://pohde.fi/","localServices.ts","ok","200","ok","https://pohde.fi/",""
"Hyvinvointialueet","Hyvinvointialue","Hyvinvointialue 20","https://kainuunhyvinvointialue.fi/","localServices.ts","ok","200","ok","https://hyvinvointialue.kainuu.fi/",""
"Hyvinvointialueet","Hyvinvointialue","Hyvinvointialue 21","https://lapha.fi/","localServices.ts","ok","200","ok","https://lapha.fi/",""
"Hyvinvointialueet","Hyvinvointialue","Hyvinvointialue 90","https://www.hel.fi/fi/sosiaali-ja-terveyspalvelut","localServices.ts","ok","200","ok","https://www.hel.fi/fi/sosiaali-ja-terveyspalvelut",""
"Hyvinvointialueet","Hyvinvointialue","Hyvinvointialue 91","https://www.aland.fi/","localServices.ts","virhe","","huomio","","DNS ei ratkennut: ENOTFOUND; fetch failed"
"Kuntien verkkosivut","Kunta","akaa","https://akaa.fi/","municipalityWebsites.ts","ok","200","ok","https://akaa.fi/",""
"Kuntien verkkosivut","Kunta","alajärvi","https://alajarvi.fi/","municipalityWebsites.ts","ok","200","ok","https://alajarvi.fi/",""
"Kuntien verkkosivut","Kunta","alavieska","https://www.alavieska.fi/","municipalityWebsites.ts","ok","200","ok","https://www.alavieska.fi/",""
"Kuntien verkkosivut","Kunta","alavus","https://www.alavus.fi/","municipalityWebsites.ts","ok","200","ok","https://www.alavus.fi/",""
"Kuntien verkkosivut","Kunta","asikkala","https://asikkala.fi/","municipalityWebsites.ts","ok","200","ok","https://asikkala.fi/",""
"Kuntien verkkosivut","Kunta","askola","https://askola.fi/","municipalityWebsites.ts","ok","200","ok","https://askola.fi/",""
"Kuntien verkkosivut","Kunta","aura","https://aura.fi/","municipalityWebsites.ts","ok","200","ok","https://www.aura.fi/",""
"Kuntien verkkosivut","Kunta","brändö","https://www.brando.ax/","municipalityWebsites.ts","ok","200","ok","https://www.brando.ax/",""
"Kuntien verkkosivut","Kunta","eckerö","https://www.eckero.ax/","municipalityWebsites.ts","ok","200","ok","https://www.eckero.ax/",""
"Kuntien verkkosivut","Kunta","enonkoski","https://enonkoski.fi/","municipalityWebsites.ts","ok","200","ok","https://enonkoski.fi/",""
"Kuntien verkkosivut","Kunta","enontekiö","https://enontekio.fi/","municipalityWebsites.ts","huomio","404","ok","https://enontekio.fi/","HTTP 404"
"Kuntien verkkosivut","Kunta","espoo","https://www.espoo.fi","municipalityWebsites.ts","ok","200","ok","https://www.espoo.fi/fi",""
"Kuntien verkkosivut","Kunta","eura","https://www.eura.fi/","municipalityWebsites.ts","ok","200","ok","https://www.eura.fi/",""
"Kuntien verkkosivut","Kunta","eurajoki","https://www.eurajoki.fi/","municipalityWebsites.ts","huomio","403","ok","https://www.eurajoki.fi/","HTTP 403"
"Kuntien verkkosivut","Kunta","evijärvi","https://evijarvi.fi/","municipalityWebsites.ts","ok","200","ok","https://evijarvi.fi/",""
"Kuntien verkkosivut","Kunta","finström","https://www.finstrom.ax/","municipalityWebsites.ts","ok","200","ok","https://www.finstrom.ax/",""
"Kuntien verkkosivut","Kunta","forssa","https://www.forssa.fi/","municipalityWebsites.ts","ok","200","ok","https://www.forssa.fi/",""
"Kuntien verkkosivut","Kunta","föglö","https://www.foglo.ax/","municipalityWebsites.ts","ok","200","ok","https://www.foglo.ax/",""
"Kuntien verkkosivut","Kunta","geta","https://www.geta.ax/","municipalityWebsites.ts","ok","200","ok","https://www.geta.ax/",""
"Kuntien verkkosivut","Kunta","haapajärvi","https://www.haapajarvi.fi/","municipalityWebsites.ts","ok","200","ok","https://www.haapajarvi.fi/",""
"Kuntien verkkosivut","Kunta","haapavesi","https://haapavesi.fi/","municipalityWebsites.ts","virhe","","ok","","fetch failed"
"Kuntien verkkosivut","Kunta","hailuoto","https://hailuoto.fi/","municipalityWebsites.ts","ok","200","ok","https://hailuoto.fi/",""
"Kuntien verkkosivut","Kunta","halsua","https://halsua.fi/","municipalityWebsites.ts","ok","200","ok","https://halsua.fi/",""
"Kuntien verkkosivut","Kunta","hamina","https://www.hamina.fi/","municipalityWebsites.ts","ok","200","ok","https://www.hamina.fi/",""
"Kuntien verkkosivut","Kunta","hammarland","https://www.hammarland.ax/","municipalityWebsites.ts","ok","200","ok","https://www.hammarland.ax/",""
"Kuntien verkkosivut","Kunta","hankasalmi","https://hankasalmi.fi/","municipalityWebsites.ts","ok","200","ok","https://hankasalmi.fi/",""
"Kuntien verkkosivut","Kunta","hanko","https://hanko.fi/","municipalityWebsites.ts","ok","200","ok","https://hanko.fi/",""
"Kuntien verkkosivut","Kunta","harjavalta","https://www.harjavalta.fi/","municipalityWebsites.ts","ok","200","ok","https://www.harjavalta.fi/",""
"Kuntien verkkosivut","Kunta","hartola","https://hartola.fi/","municipalityWebsites.ts","ok","200","ok","https://hartola.fi/",""
"Kuntien verkkosivut","Kunta","hattula","https://hattula.fi/","municipalityWebsites.ts","ok","200","ok","https://hattula.fi/",""
"Kuntien verkkosivut","Kunta","hausjärvi","https://www.hausjarvi.fi/","municipalityWebsites.ts","huomio","500","ok","https://www.hausjarvi.fi/","HTTP 500"
"Kuntien verkkosivut","Kunta","heinola","https://www.heinola.fi/","municipalityWebsites.ts","ok","200","ok","https://www.heinola.fi/",""
"Kuntien verkkosivut","Kunta","heinävesi","https://www.heinavesi.fi/","municipalityWebsites.ts","ok","200","ok","https://www.heinavesi.fi/",""
"Kuntien verkkosivut","Kunta","helsinki","https://hel.fi","municipalityWebsites.ts","ok","200","ok","https://www.hel.fi/fi",""
"Kuntien verkkosivut","Kunta","hirvensalmi","https://www.hirvensalmi.fi/","municipalityWebsites.ts","ok","200","ok","https://www.hirvensalmi.fi/",""
"Kuntien verkkosivut","Kunta","hollola","https://hollola.fi/","municipalityWebsites.ts","ok","200","ok","https://hollola.fi/",""
"Kuntien verkkosivut","Kunta","huittinen","https://www.huittinen.fi/","municipalityWebsites.ts","ok","200","ok","https://www.huittinen.fi/",""
"Kuntien verkkosivut","Kunta","humppila","https://www.humppila.fi/","municipalityWebsites.ts","ok","200","ok","https://www.humppila.fi/",""
"Kuntien verkkosivut","Kunta","hyrynsalmi","https://www.hyrynsalmi.fi/","municipalityWebsites.ts","ok","200","ok","https://hyrynsalmi.fi/",""
"Kuntien verkkosivut","Kunta","hyvinkää","https://www.hyvinkaa.fi/","municipalityWebsites.ts","ok","200","ok","https://www.hyvinkaa.fi/",""
"Kuntien verkkosivut","Kunta","hämeenkyrö","https://hameenkyro.fi/","municipalityWebsites.ts","ok","200","ok","https://hameenkyro.fi/",""
"Kuntien verkkosivut","Kunta","hämeenlinna","https://www.hameenlinna.fi/","municipalityWebsites.ts","ok","200","ok","https://www.hameenlinna.fi/",""
"Kuntien verkkosivut","Kunta","ii","https://www.ii.fi/","municipalityWebsites.ts","ok","200","ok","https://www.ii.fi/",""
"Kuntien verkkosivut","Kunta","iisalmi","https://www.iisalmi.fi/","municipalityWebsites.ts","ok","200","ok","https://iisalmi.fi/",""
"Kuntien verkkosivut","Kunta","iitti","https://www.iitti.fi/","municipalityWebsites.ts","ok","200","ok","https://www.iitti.fi/",""
"Kuntien verkkosivut","Kunta","ikaalinen","https://ikaalinen.fi/","municipalityWebsites.ts","ok","200","ok","https://ikaalinen.fi/",""
"Kuntien verkkosivut","Kunta","ilmajoki","https://ilmajoki.fi/","municipalityWebsites.ts","ok","200","ok","https://ilmajoki.fi/",""
"Kuntien verkkosivut","Kunta","ilomantsi","https://www.ilomantsi.fi/","municipalityWebsites.ts","ok","200","ok","https://www.ilomantsi.fi/",""
"Kuntien verkkosivut","Kunta","imatra","https://www.imatra.fi/","municipalityWebsites.ts","ok","200","ok","https://www.imatra.fi/",""
"Kuntien verkkosivut","Kunta","inari","https://www.inari.fi/","municipalityWebsites.ts","ok","200","ok","https://www.inari.fi/",""
"Kuntien verkkosivut","Kunta","inkoo","https://www.inga.fi/","municipalityWebsites.ts","ok","200","ok","https://www.inga.fi/",""
"Kuntien verkkosivut","Kunta","isojoki","https://isojoki.fi/","municipalityWebsites.ts","ok","200","ok","https://isojoki.fi/",""
"Kuntien verkkosivut","Kunta","isokyrö","https://isokyro.fi/","municipalityWebsites.ts","ok","200","ok","https://isokyro.fi/",""
"Kuntien verkkosivut","Kunta","janakkala","https://www.janakkala.fi/","municipalityWebsites.ts","ok","200","ok","https://www.janakkala.fi/",""
"Kuntien verkkosivut","Kunta","joensuu","https://www.joensuu.fi/","municipalityWebsites.ts","ok","200","ok","https://www.joensuu.fi/",""
"Kuntien verkkosivut","Kunta","jokioinen","https://www.jokioinen.fi/","municipalityWebsites.ts","ok","200","ok","https://www.jokioinen.fi/",""
"Kuntien verkkosivut","Kunta","jomala","https://www.jomala.ax/","municipalityWebsites.ts","ok","200","ok","https://www.jomala.ax/",""
"Kuntien verkkosivut","Kunta","joroinen","https://www.joroinen.fi/","municipalityWebsites.ts","ok","200","ok","https://www.joroinen.fi/",""
"Kuntien verkkosivut","Kunta","joutsa","https://www.joutsa.fi/","municipalityWebsites.ts","ok","200","ok","https://www.joutsa.fi/",""
"Kuntien verkkosivut","Kunta","juuka","https://www.juuka.fi/","municipalityWebsites.ts","ok","200","ok","https://www.juuka.fi/",""
"Kuntien verkkosivut","Kunta","juupajoki","https://juupajoki.fi/","municipalityWebsites.ts","ok","200","ok","https://juupajoki.fi/",""
"Kuntien verkkosivut","Kunta","juva","https://www.juva.fi/","municipalityWebsites.ts","ok","200","ok","https://www.juva.fi/",""
"Kuntien verkkosivut","Kunta","jyväskylä","https://www.jyvaskyla.fi/","municipalityWebsites.ts","ok","200","ok","https://www.jyvaskyla.fi/",""
"Kuntien verkkosivut","Kunta","jämijärvi","https://jamijarvi.fi/","municipalityWebsites.ts","ok","200","ok","https://jamijarvi.fi/",""
"Kuntien verkkosivut","Kunta","jämsä","https://www.jamsa.fi/","municipalityWebsites.ts","ok","200","ok","https://jamsa.fi/",""
"Kuntien verkkosivut","Kunta","järvenpää","https://www.jarvenpaa.fi/","municipalityWebsites.ts","ok","200","ok","https://www.jarvenpaa.fi/",""
"Kuntien verkkosivut","Kunta","kaarina","https://kaarina.fi/","municipalityWebsites.ts","ok","200","ok","https://kaarina.fi/fi",""
"Kuntien verkkosivut","Kunta","kaavi","https://kaavi.fi/","municipalityWebsites.ts","ok","200","ok","https://kaavi.fi/",""
"Kuntien verkkosivut","Kunta","kajaani","https://www.kajaani.fi/","municipalityWebsites.ts","ok","200","ok","https://kajaani.fi/",""
"Kuntien verkkosivut","Kunta","kalajoki","https://www.kalajoki.fi/","municipalityWebsites.ts","huomio","404","ok","https://www.kalajoki.fi/","HTTP 404"
"Kuntien verkkosivut","Kunta","kangasala","https://www.kangasala.fi/","municipalityWebsites.ts","ok","200","ok","https://www.kangasala.fi/",""
"Kuntien verkkosivut","Kunta","kangasniemi","https://www.kangasniemi.fi/","municipalityWebsites.ts","ok","200","ok","https://www.kangasniemi.fi/",""
"Kuntien verkkosivut","Kunta","kankaanpää","https://www.kankaanpaa.fi/","municipalityWebsites.ts","ok","200","ok","https://www.kankaanpaa.fi/",""
"Kuntien verkkosivut","Kunta","kannonkoski","https://kannonkoski.fi/","municipalityWebsites.ts","ok","200","ok","https://kannonkoski.fi/",""
"Kuntien verkkosivut","Kunta","kannus","https://kannus.fi/","municipalityWebsites.ts","ok","200","ok","https://kannus.fi/",""
"Kuntien verkkosivut","Kunta","karijoki","https://karijoki.fi/","municipalityWebsites.ts","ok","200","ok","https://karijoki.fi/",""
"Kuntien verkkosivut","Kunta","karkkila","https://www.karkkila.fi/","municipalityWebsites.ts","ok","200","ok","https://karkkila.fi/",""
"Kuntien verkkosivut","Kunta","karstula","https://karstula.fi/","municipalityWebsites.ts","ok","200","ok","https://karstula.fi/",""
"Kuntien verkkosivut","Kunta","karvia","https://karvia.fi/","municipalityWebsites.ts","ok","200","ok","https://karvia.fi/",""
"Kuntien verkkosivut","Kunta","kaskinen","https://kaskinen.fi/","municipalityWebsites.ts","ok","200","ok","https://kaskinen.fi/fi",""
"Kuntien verkkosivut","Kunta","kauhajoki","https://kauhajoki.fi/","municipalityWebsites.ts","ok","200","ok","https://kauhajoki.fi/",""
"Kuntien verkkosivut","Kunta","kauhava","https://www.kauhava.fi","municipalityWebsites.ts","ok","200","ok","https://kauhava.fi/",""
"Kuntien verkkosivut","Kunta","kauniainen","https://www.kauniainen.fi/","municipalityWebsites.ts","ok","200","ok","https://www.kauniainen.fi/",""
"Kuntien verkkosivut","Kunta","kaustinen","https://kaustinen.fi/","municipalityWebsites.ts","ok","200","ok","https://kaustinen.fi/",""
"Kuntien verkkosivut","Kunta","keitele","https://www.keitele.fi/","municipalityWebsites.ts","ok","200","ok","https://keitele.fi/",""
"Kuntien verkkosivut","Kunta","kemi","https://www.kemi.fi/","municipalityWebsites.ts","ok","200","ok","https://www.kemi.fi/",""
"Kuntien verkkosivut","Kunta","kemijärvi","https://kemijarvi.fi/","municipalityWebsites.ts","ok","200","ok","https://kemijarvi.fi/",""
"Kuntien verkkosivut","Kunta","keminmaa","https://www.keminmaa.fi/","municipalityWebsites.ts","ok","200","ok","https://www.keminmaa.fi/",""
"Kuntien verkkosivut","Kunta","kemiönsaari","https://en.kimitoon.fi/","municipalityWebsites.ts","ok","200","ok","https://en.kimitoon.fi/",""
"Kuntien verkkosivut","Kunta","kempele","https://www.kempele.fi/","municipalityWebsites.ts","ok","200","ok","https://kempele.fi/",""
"Kuntien verkkosivut","Kunta","kerava","https://www.kerava.fi","municipalityWebsites.ts","huomio","500","ok","https://www.kerava.fi/","HTTP 500"
"Kuntien verkkosivut","Kunta","keuruu","https://www.keuruu.fi/","municipalityWebsites.ts","ok","200","ok","https://keuruu.fi/",""
"Kuntien verkkosivut","Kunta","kihniö","https://www.kihnio.fi/","municipalityWebsites.ts","huomio","404","ok","https://www.kihnio.fi/","HTTP 404"
"Kuntien verkkosivut","Kunta","kinnula","https://www.kinnula.fi/","municipalityWebsites.ts","ok","200","ok","https://www.kinnula.fi/",""
"Kuntien verkkosivut","Kunta","kirkkonummi","https://www.kyrkslatt.fi/","municipalityWebsites.ts","ok","200","ok","https://kyrkslatt.fi/",""
"Kuntien verkkosivut","Kunta","kitee","https://www.kitee.fi/","municipalityWebsites.ts","ok","200","ok","https://www.kitee.fi/",""
"Kuntien verkkosivut","Kunta","kittilä","https://kittila.fi/","municipalityWebsites.ts","ok","200","ok","https://kittila.fi/",""
"Kuntien verkkosivut","Kunta","kiuruvesi","https://www.kiuruvesi.fi/","municipalityWebsites.ts","ok","200","ok","https://kiuruvesi.fi/",""
"Kuntien verkkosivut","Kunta","kivijärvi","https://www.kivijarvi.fi/","municipalityWebsites.ts","ok","200","ok","https://www.kivijarvi.fi/",""
"Kuntien verkkosivut","Kunta","kokemäki","https://kokemaki.fi/","municipalityWebsites.ts","ok","200","ok","https://kokemaki.fi/",""
"Kuntien verkkosivut","Kunta","kokkola","https://www.kokkola.fi/","municipalityWebsites.ts","ok","200","ok","https://www.kokkola.fi/",""
"Kuntien verkkosivut","Kunta","kolari","https://www.kolari.fi/","municipalityWebsites.ts","huomio","404","ok","https://www.kolari.fi/","HTTP 404"
"Kuntien verkkosivut","Kunta","konnevesi","https://konnevesi.fi/","municipalityWebsites.ts","ok","200","ok","https://konnevesi.fi/",""
"Kuntien verkkosivut","Kunta","kontiolahti","https://www.kontiolahti.fi/","municipalityWebsites.ts","ok","200","ok","https://www.kontiolahti.fi/",""
"Kuntien verkkosivut","Kunta","korsnäs","https://www.korsnas.fi/","municipalityWebsites.ts","ok","200","ok","https://www.korsnas.fi/",""
"Kuntien verkkosivut","Kunta","koski tl","https://koski.fi/","municipalityWebsites.ts","ok","200","ok","https://koski.fi/",""
"Kuntien verkkosivut","Kunta","kotka","https://www.kotka.fi/","municipalityWebsites.ts","ok","200","ok","https://www.kotka.fi/",""
"Kuntien verkkosivut","Kunta","kouvola","https://www.kouvola.fi/","municipalityWebsites.ts","ok","200","ok","https://www.kouvola.fi/",""
"Kuntien verkkosivut","Kunta","kristiinankaupunki","https://www.kristinestad.fi/","municipalityWebsites.ts","ok","200","ok","https://www.kristinestad.fi/",""
"Kuntien verkkosivut","Kunta","kruunupyy","https://www.kronoby.fi/","municipalityWebsites.ts","ok","200","ok","https://www.kronoby.fi/",""
"Kuntien verkkosivut","Kunta","kuhmo","https://www.kuhmo.fi/","municipalityWebsites.ts","ok","200","ok","https://www.kuhmo.fi/",""
"Kuntien verkkosivut","Kunta","kuhmoinen","https://www.kuhmoinen.fi/","municipalityWebsites.ts","ok","200","ok","https://www.kuhmoinen.fi/",""
"Kuntien verkkosivut","Kunta","kumlinge","https://www.kumlinge.ax/","municipalityWebsites.ts","ok","200","ok","https://www.kumlinge.ax/",""
"Kuntien verkkosivut","Kunta","kuopio","https://www.kuopio.fi/","municipalityWebsites.ts","ok","200","ok","https://www.kuopio.fi/",""
"Kuntien verkkosivut","Kunta","kuortane","https://kuortane.fi/","municipalityWebsites.ts","ok","200","ok","https://kuortane.fi/",""
"Kuntien verkkosivut","Kunta","kurikka","https://kurikka.fi/","municipalityWebsites.ts","ok","200","ok","https://kurikka.fi/",""
"Kuntien verkkosivut","Kunta","kustavi","https://kustavi.fi/","municipalityWebsites.ts","ok","200","ok","https://kustavi.fi/",""
"Kuntien verkkosivut","Kunta","kuusamo","https://www.kuusamo.fi/","municipalityWebsites.ts","huomio","500","ok","https://www.kuusamo.fi/","HTTP 500"
"Kuntien verkkosivut","Kunta","kyyjärvi","https://www.kyyjarvi.fi/","municipalityWebsites.ts","ok","200","ok","https://www.kyyjarvi.fi/",""
"Kuntien verkkosivut","Kunta","kärkölä","https://www.karkola.fi","municipalityWebsites.ts","ok","200","ok","https://karkola.fi/",""
"Kuntien verkkosivut","Kunta","kärsämäki","https://karsamaki.fi/","municipalityWebsites.ts","ok","200","ok","https://karsamaki.fi/",""
"Kuntien verkkosivut","Kunta","kökar","http://www.kokar.ax/","municipalityWebsites.ts","ok","200","huomio","https://www.kokar.ax/","Ei HTTPS-yhteyttä"
"Kuntien verkkosivut","Kunta","lahti","https://www.lahti.fi/","municipalityWebsites.ts","ok","200","ok","https://www.lahti.fi/",""
"Kuntien verkkosivut","Kunta","laihia","https://laihia.fi/","municipalityWebsites.ts","ok","200","ok","https://laihia.fi/",""
"Kuntien verkkosivut","Kunta","laitila","https://www.laitila.fi/","municipalityWebsites.ts","ok","200","ok","https://www.laitila.fi/",""
"Kuntien verkkosivut","Kunta","lapinjärvi","https://lapinjarvi.fi/","municipalityWebsites.ts","ok","200","ok","https://lapinjarvi.fi/",""
"Kuntien verkkosivut","Kunta","lapinlahti","https://www.lapinlahti.fi/","municipalityWebsites.ts","huomio","404","ok","https://www.lapinlahti.fi/","HTTP 404"
"Kuntien verkkosivut","Kunta","lappajärvi","https://lappajarvi.fi/","municipalityWebsites.ts","ok","200","ok","https://lappajarvi.fi/",""
"Kuntien verkkosivut","Kunta","lappeenranta","https://lappeenranta.fi/","municipalityWebsites.ts","ok","200","ok","https://lappeenranta.fi/fi",""
"Kuntien verkkosivut","Kunta","lapua","https://lapua.fi/","municipalityWebsites.ts","ok","200","ok","https://lapua.fi/",""
"Kuntien verkkosivut","Kunta","laukaa","https://www.laukaa.fi/","municipalityWebsites.ts","ok","200","ok","https://www.laukaa.fi/",""
"Kuntien verkkosivut","Kunta","lemi","https://lemi.fi/","municipalityWebsites.ts","ok","200","ok","https://lemi.fi/",""
"Kuntien verkkosivut","Kunta","lemland","https://www.lemland.ax/","municipalityWebsites.ts","ok","200","ok","https://www.lemland.ax/",""
"Kuntien verkkosivut","Kunta","lempäälä","https://www.lempaala.fi/","municipalityWebsites.ts","ok","200","ok","https://www.lempaala.fi/",""
"Kuntien verkkosivut","Kunta","leppävirta","https://leppavirta.fi/","municipalityWebsites.ts","ok","200","ok","https://leppavirta.fi/",""
"Kuntien verkkosivut","Kunta","lestijärvi","https://lestijarvi.fi/","municipalityWebsites.ts","ok","200","ok","https://lestijarvi.fi/",""
"Kuntien verkkosivut","Kunta","lieksa","https://www.lieksa.fi/","municipalityWebsites.ts","ok","200","ok","https://lieksa.fi/",""
"Kuntien verkkosivut","Kunta","lieto","https://lieto.fi/","municipalityWebsites.ts","ok","200","ok","https://lieto.fi/",""
"Kuntien verkkosivut","Kunta","liminka","https://www.liminka.fi/","municipalityWebsites.ts","ok","200","ok","https://www.liminka.fi/",""
"Kuntien verkkosivut","Kunta","liperi","https://www.liperi.fi/","municipalityWebsites.ts","ok","200","ok","https://www.liperi.fi/",""
"Kuntien verkkosivut","Kunta","lohja","https://www.lohja.fi/","municipalityWebsites.ts","ok","200","ok","https://www.lohja.fi/",""
"Kuntien verkkosivut","Kunta","loimaa","https://www.loimaa.fi/","municipalityWebsites.ts","ok","200","ok","https://www.loimaa.fi/",""
"Kuntien verkkosivut","Kunta","loppi","https://www.loppi.fi/","municipalityWebsites.ts","huomio","500","ok","https://www.loppi.fi/","HTTP 500"
"Kuntien verkkosivut","Kunta","loviisa","https://www.loviisa.fi/","municipalityWebsites.ts","ok","200","ok","https://www.loviisa.fi/",""
"Kuntien verkkosivut","Kunta","luhanka","https://www.luhanka.fi/","municipalityWebsites.ts","ok","200","ok","https://www.luhanka.fi/",""
"Kuntien verkkosivut","Kunta","lumijoki","https://www.lumijoki.fi/","municipalityWebsites.ts","ok","200","ok","https://www.lumijoki.fi/",""
"Kuntien verkkosivut","Kunta","lumparland","https://www.lumparland.ax/","municipalityWebsites.ts","ok","200","ok","https://www.lumparland.ax/",""
"Kuntien verkkosivut","Kunta","luoto","https://larsmo.fi/","municipalityWebsites.ts","ok","200","ok","https://larsmo.fi/",""
"Kuntien verkkosivut","Kunta","luumäki","https://www.luumaki.fi/","municipalityWebsites.ts","huomio","404","ok","https://www.luumaki.fi/","HTTP 404"
"Kuntien verkkosivut","Kunta","maalahti","https://www.malax.fi/","municipalityWebsites.ts","ok","200","ok","https://www.malax.fi/",""
"Kuntien verkkosivut","Kunta","maarianhamina","https://www.mariehamn.ax/fi","municipalityWebsites.ts","ok","200","ok","https://www.mariehamn.ax/fi",""
"Kuntien verkkosivut","Kunta","marttila","https://marttila.fi/","municipalityWebsites.ts","ok","200","ok","https://marttila.fi/",""
"Kuntien verkkosivut","Kunta","masku","https://www.masku.fi/","municipalityWebsites.ts","ok","200","ok","https://masku.fi/",""
"Kuntien verkkosivut","Kunta","merijärvi","https://www.merijarvi.fi/","municipalityWebsites.ts","ok","200","ok","https://www.merijarvi.fi/",""
"Kuntien verkkosivut","Kunta","merikarvia","https://merikarvia.fi/","municipalityWebsites.ts","ok","200","ok","https://merikarvia.fi/",""
"Kuntien verkkosivut","Kunta","miehikkälä","https://www.miehikkala.fi/","municipalityWebsites.ts","ok","200","ok","https://www.miehikkala.fi/",""
"Kuntien verkkosivut","Kunta","mikkeli","https://mikkeli.fi/","municipalityWebsites.ts","ok","200","ok","https://mikkeli.fi/",""
"Kuntien verkkosivut","Kunta","muhos","https://muhos.fi/","municipalityWebsites.ts","ok","200","ok","https://muhos.fi/",""
"Kuntien verkkosivut","Kunta","multia","https://multia.fi/","municipalityWebsites.ts","ok","200","ok","https://multia.fi/",""
"Kuntien verkkosivut","Kunta","muonio","https://www.muonio.fi/","municipalityWebsites.ts","ok","200","ok","https://www.muonio.fi/",""
"Kuntien verkkosivut","Kunta","mustasaari","https://korsholm.fi/","municipalityWebsites.ts","ok","200","ok","https://korsholm.fi/",""
"Kuntien verkkosivut","Kunta","muurame","https://www.muurame.fi/","municipalityWebsites.ts","ok","200","ok","https://www.muurame.fi/",""
"Kuntien verkkosivut","Kunta","mynämäki","https://www.mynamaki.fi/","municipalityWebsites.ts","ok","200","ok","https://www.mynamaki.fi/",""
"Kuntien verkkosivut","Kunta","myrskylä","https://myrskyla.fi/","municipalityWebsites.ts","ok","200","ok","https://myrskyla.fi/",""
"Kuntien verkkosivut","Kunta","mäntsälä","https://www.mantsala.fi/","municipalityWebsites.ts","ok","200","ok","https://www.mantsala.fi/",""
"Kuntien verkkosivut","Kunta","mänttä-vilppula","https://www.manttavilppula.fi/","municipalityWebsites.ts","ok","200","ok","https://manttavilppula.fi/",""
"Kuntien verkkosivut","Kunta","mäntyharju","https://www.mantyharju.fi/","municipalityWebsites.ts","ok","200","ok","https://www.mantyharju.fi/",""
"Kuntien verkkosivut","Kunta","naantali","https://www.naantali.fi/","municipalityWebsites.ts","ok","200","ok","https://www.naantali.fi/fi",""
"Kuntien verkkosivut","Kunta","nakkila","https://nakkila.fi/","municipalityWebsites.ts","ok","200","ok","https://nakkila.fi/",""
"Kuntien verkkosivut","Kunta","nivala","https://www.nivala.fi/","municipalityWebsites.ts","ok","200","ok","https://www.nivala.fi/",""
"Kuntien verkkosivut","Kunta","nokia","https://www.nokiankaupunki.fi/","municipalityWebsites.ts","ok","200","ok","https://www.nokiankaupunki.fi/",""
"Kuntien verkkosivut","Kunta","nousiainen","https://nousiainen.fi/","municipalityWebsites.ts","ok","200","ok","https://nousiainen.fi/",""
"Kuntien verkkosivut","Kunta","nurmes","https://www.nurmes.fi/","municipalityWebsites.ts","ok","200","ok","https://www.nurmes.fi/",""
"Kuntien verkkosivut","Kunta","nurmijärvi","https://www.nurmijarvi.fi/","municipalityWebsites.ts","ok","200","ok","https://www.nurmijarvi.fi/",""
"Kuntien verkkosivut","Kunta","närpiö","https://www.narpes.fi/","municipalityWebsites.ts","ok","200","ok","https://www.narpes.fi/",""
"Kuntien verkkosivut","Kunta","orimattila","https://orimattila.fi/","municipalityWebsites.ts","ok","200","ok","https://orimattila.fi/",""
"Kuntien verkkosivut","Kunta","oripää","https://oripaa.fi/","municipalityWebsites.ts","ok","200","ok","https://oripaa.fi/",""
"Kuntien verkkosivut","Kunta","orivesi","https://orivesi.fi/","municipalityWebsites.ts","ok","200","ok","https://orivesi.fi/",""
"Kuntien verkkosivut","Kunta","oulainen","https://www.oulainen.fi/","municipalityWebsites.ts","ok","200","ok","https://www.oulainen.fi/",""
"Kuntien verkkosivut","Kunta","oulu","https://www.ouka.fi/","municipalityWebsites.ts","ok","200","ok","https://www.ouka.fi/",""
"Kuntien verkkosivut","Kunta","outokumpu","https://www.outokummunkaupunki.fi/","municipalityWebsites.ts","ok","200","ok","https://www.outokummunkaupunki.fi/",""
"Kuntien verkkosivut","Kunta","padasjoki","https://www.padasjoki.fi/","municipalityWebsites.ts","ok","200","ok","https://www.padasjoki.fi/",""
"Kuntien verkkosivut","Kunta","paimio","https://www.paimio.fi/","municipalityWebsites.ts","huomio","500","ok","https://www.paimio.fi/","HTTP 500"
"Kuntien verkkosivut","Kunta","paltamo","https://www.paltamo.fi/","municipalityWebsites.ts","ok","200","ok","https://www.paltamo.fi/",""
"Kuntien verkkosivut","Kunta","parainen","https://www.pargas.fi/","municipalityWebsites.ts","ok","200","ok","https://www.pargas.fi/sv/framsida",""
"Kuntien verkkosivut","Kunta","parikkala","https://parikkala.fi/","municipalityWebsites.ts","ok","200","ok","https://parikkala.fi/",""
"Kuntien verkkosivut","Kunta","parkano","https://www.parkano.fi/","municipalityWebsites.ts","ok","200","ok","https://parkano.fi/",""
"Kuntien verkkosivut","Kunta","pedersören kunta","https://www.pedersore.fi/","municipalityWebsites.ts","ok","200","ok","https://www.pedersore.fi/",""
"Kuntien verkkosivut","Kunta","pelkosenniemi","https://pelkosenniemi.fi/","municipalityWebsites.ts","ok","200","ok","https://pelkosenniemi.fi/",""
"Kuntien verkkosivut","Kunta","pello","https://www.pello.fi/","municipalityWebsites.ts","ok","200","ok","https://www.pello.fi/",""
"Kuntien verkkosivut","Kunta","perho","https://perho.com/","municipalityWebsites.ts","ok","200","ok","https://perho.com/",""
"Kuntien verkkosivut","Kunta","petäjävesi","https://www.petajavesi.fi/","municipalityWebsites.ts","ok","200","ok","https://www.petajavesi.fi/",""
"Kuntien verkkosivut","Kunta","pieksämäki","https://www.pieksamaki.fi/","municipalityWebsites.ts","ok","200","ok","https://www.pieksamaki.fi/",""
"Kuntien verkkosivut","Kunta","pielavesi","https://pielavesi.fi/","municipalityWebsites.ts","ok","200","ok","https://pielavesi.fi/",""
"Kuntien verkkosivut","Kunta","pietarsaari","https://jakobstad.fi/","municipalityWebsites.ts","ok","200","ok","https://jakobstad.fi/",""
"Kuntien verkkosivut","Kunta","pihtipudas","https://pihtipudas.fi/","municipalityWebsites.ts","ok","200","ok","https://pihtipudas.fi/",""
"Kuntien verkkosivut","Kunta","pirkkala","https://www.pirkkala.fi/","municipalityWebsites.ts","ok","200","ok","https://www.pirkkala.fi/",""
"Kuntien verkkosivut","Kunta","polvijärvi","https://www.polvijarvi.fi/","municipalityWebsites.ts","ok","200","ok","https://www.polvijarvi.fi/",""
"Kuntien verkkosivut","Kunta","pomarkku","https://www.pomarkku.fi/","municipalityWebsites.ts","ok","200","ok","https://www.pomarkku.fi/",""
"Kuntien verkkosivut","Kunta","pori","https://www.pori.fi/","municipalityWebsites.ts","ok","200","ok","https://www.pori.fi/",""
"Kuntien verkkosivut","Kunta","pornainen","https://pornainen.fi","municipalityWebsites.ts","ok","200","ok","https://pornainen.fi/",""
"Kuntien verkkosivut","Kunta","porvoo","https://www.porvoo.fi/","municipalityWebsites.ts","ok","200","ok","https://www.porvoo.fi/",""
"Kuntien verkkosivut","Kunta","posio","https://www.posio.fi/","municipalityWebsites.ts","ok","200","ok","https://www.posio.fi/",""
"Kuntien verkkosivut","Kunta","pudasjärvi","https://www.pudasjarvi.fi/","municipalityWebsites.ts","ok","200","ok","https://www.pudasjarvi.fi/",""
"Kuntien verkkosivut","Kunta","pukkila","https://www.pukkila.fi/","municipalityWebsites.ts","ok","200","ok","https://www.pukkila.fi/",""
"Kuntien verkkosivut","Kunta","punkalaidun","https://www.punkalaidun.fi/","municipalityWebsites.ts","ok","200","ok","https://www.punkalaidun.fi/",""
"Kuntien verkkosivut","Kunta","puolanka","https://puolanka.fi/","municipalityWebsites.ts","ok","200","ok","https://puolanka.fi/",""
"Kuntien verkkosivut","Kunta","puumala","https://puumala.fi/","municipalityWebsites.ts","ok","200","ok","https://puumala.fi/",""
"Kuntien verkkosivut","Kunta","pyhtää","https://pyhtaa.fi/","municipalityWebsites.ts","ok","200","ok","https://pyhtaa.fi/fi",""
"Kuntien verkkosivut","Kunta","pyhäjoki","https://www.pyhajoki.fi/","municipalityWebsites.ts","ok","200","ok","https://www.pyhajoki.fi/",""
"Kuntien verkkosivut","Kunta","pyhäjärvi","https://www.pyhajarvi.fi/","municipalityWebsites.ts","ok","200","ok","https://www.pyhajarvi.fi/fi",""
"Kuntien verkkosivut","Kunta","pyhäntä","https://www.pyhanta.fi/","municipalityWebsites.ts","ok","200","ok","https://www.pyhanta.fi/",""
"Kuntien verkkosivut","Kunta","pyhäranta","https://www.pyharanta.fi/","municipalityWebsites.ts","ok","200","ok","https://www.pyharanta.fi/",""
"Kuntien verkkosivut","Kunta","pälkäne","https://www.palkane.fi/","municipalityWebsites.ts","ok","200","ok","https://www.palkane.fi/",""
"Kuntien verkkosivut","Kunta","pöytyä","https://www.poytya.fi/","municipalityWebsites.ts","ok","200","ok","https://www.poytya.fi/",""
"Kuntien verkkosivut","Kunta","raahe","https://www.raahe.fi/","municipalityWebsites.ts","ok","200","ok","https://www.raahe.fi/",""
"Kuntien verkkosivut","Kunta","raasepori","https://www.raseborg.fi/","municipalityWebsites.ts","ok","200","ok","https://www.raseborg.fi/",""
"Kuntien verkkosivut","Kunta","raisio","https://raisio.fi/","municipalityWebsites.ts","ok","200","ok","https://raisio.fi/fi",""
"Kuntien verkkosivut","Kunta","rantasalmi","https://www.rantasalmi.fi/","municipalityWebsites.ts","ok","200","ok","https://www.rantasalmi.fi/",""
"Kuntien verkkosivut","Kunta","ranua","https://www.ranua.fi/","municipalityWebsites.ts","ok","200","ok","https://ranua.fi/",""
"Kuntien verkkosivut","Kunta","rauma","https://www.rauma.fi/","municipalityWebsites.ts","ok","200","ok","https://www.rauma.fi/",""
"Kuntien verkkosivut","Kunta","rautalampi","https://www.rautalampi.fi/","municipalityWebsites.ts","ok","200","ok","https://www.rautalampi.fi/",""
"Kuntien verkkosivut","Kunta","rautavaara","https://www.rautavaara.fi/","municipalityWebsites.ts","ok","200","ok","https://www.rautavaara.fi/",""
"Kuntien verkkosivut","Kunta","rautjärvi","https://www.rautjarvi.fi/","municipalityWebsites.ts","ok","200","ok","https://www.rautjarvi.fi/fi",""
"Kuntien verkkosivut","Kunta","reisjärvi","https://www.reisjarvi.fi/","municipalityWebsites.ts","ok","200","ok","https://www.reisjarvi.fi/",""
"Kuntien verkkosivut","Kunta","riihimäki","https://www.riihimaki.fi/","municipalityWebsites.ts","huomio","500","ok","https://www.riihimaki.fi/","HTTP 500"
"Kuntien verkkosivut","Kunta","ristijärvi","https://www.ristijarvi.fi/","municipalityWebsites.ts","ok","200","ok","https://www.ristijarvi.fi/",""
"Kuntien verkkosivut","Kunta","rovaniemi","https://www.rovaniemi.fi/","municipalityWebsites.ts","ok","200","ok","https://www.rovaniemi.fi/",""
"Kuntien verkkosivut","Kunta","ruokolahti","https://www.ruokolahti.fi/","municipalityWebsites.ts","huomio","404","ok","https://www.ruokolahti.fi/","HTTP 404"
"Kuntien verkkosivut","Kunta","ruovesi","https://www.ruovesi.fi/","municipalityWebsites.ts","ok","200","ok","https://www.ruovesi.fi/",""
"Kuntien verkkosivut","Kunta","rusko","https://rusko.fi/","municipalityWebsites.ts","ok","200","ok","https://rusko.fi/",""
"Kuntien verkkosivut","Kunta","rääkkylä","https://www.raakkyla.fi/","municipalityWebsites.ts","ok","200","ok","https://www.raakkyla.fi/",""
"Kuntien verkkosivut","Kunta","saarijärvi","https://saarijarvi.fi/","municipalityWebsites.ts","ok","200","ok","https://saarijarvi.fi/",""
"Kuntien verkkosivut","Kunta","salla","https://www.salla.fi/","municipalityWebsites.ts","ok","200","ok","https://www.salla.fi/",""
"Kuntien verkkosivut","Kunta","salo","https://salo.fi/","municipalityWebsites.ts","ok","200","ok","https://salo.fi/",""
"Kuntien verkkosivut","Kunta","saltvik","https://www.saltvik.ax/","municipalityWebsites.ts","ok","200","ok","https://www.saltvik.ax/",""
"Kuntien verkkosivut","Kunta","sastamala","https://sastamala.fi/","municipalityWebsites.ts","ok","200","ok","https://sastamala.fi/",""
"Kuntien verkkosivut","Kunta","sauvo","https://www.sauvo.fi/","municipalityWebsites.ts","ok","200","ok","https://www.sauvo.fi/",""
"Kuntien verkkosivut","Kunta","savitaipale","https://www.savitaipale.fi/","municipalityWebsites.ts","huomio","404","ok","https://www.savitaipale.fi/","HTTP 404"
"Kuntien verkkosivut","Kunta","savonlinna","https://www.savonlinna.fi/","municipalityWebsites.ts","ok","200","ok","https://www.savonlinna.fi/",""
"Kuntien verkkosivut","Kunta","savukoski","https://www.savukoski.fi/","municipalityWebsites.ts","ok","200","ok","https://www.savukoski.fi/",""
"Kuntien verkkosivut","Kunta","seinäjoki","https://www.seinajoki.fi/","municipalityWebsites.ts","ok","200","ok","https://www.seinajoki.fi/",""
"Kuntien verkkosivut","Kunta","sievi","https://www.sievi.fi/","municipalityWebsites.ts","ok","200","ok","https://www.sievi.fi/",""
"Kuntien verkkosivut","Kunta","siikainen","https://siikainen.fi/","municipalityWebsites.ts","ok","200","ok","https://siikainen.fi/",""
"Kuntien verkkosivut","Kunta","siikajoki","https://www.siikajoki.fi/","municipalityWebsites.ts","ok","200","ok","https://www.siikajoki.fi/",""
"Kuntien verkkosivut","Kunta","siikalatva","https://siikalatva.fi/","municipalityWebsites.ts","ok","200","ok","https://siikalatva.fi/",""
"Kuntien verkkosivut","Kunta","siilinjärvi","https://www.siilinjarvi.fi/","municipalityWebsites.ts","ok","200","ok","https://siilinjarvi.fi/",""
"Kuntien verkkosivut","Kunta","simo","https://www.simo.fi/","municipalityWebsites.ts","ok","200","ok","https://www.simo.fi/",""
"Kuntien verkkosivut","Kunta","sipoo","https://www.sipoo.fi/","municipalityWebsites.ts","ok","200","ok","https://www.sipoo.fi/",""
"Kuntien verkkosivut","Kunta","siuntio","https://www.siuntio.fi/","municipalityWebsites.ts","ok","200","ok","https://www.siuntio.fi/",""
"Kuntien verkkosivut","Kunta","sodankylä","https://www.sodankyla.fi/","municipalityWebsites.ts","ok","200","ok","https://www.sodankyla.fi/",""
"Kuntien verkkosivut","Kunta","soini","https://soini.fi/","municipalityWebsites.ts","ok","200","ok","https://soini.fi/",""
"Kuntien verkkosivut","Kunta","somero","https://www.somero.fi/","municipalityWebsites.ts","ok","200","ok","https://www.somero.fi/",""
"Kuntien verkkosivut","Kunta","sonkajärvi","https://www.sonkajarvi.fi/","municipalityWebsites.ts","huomio","404","ok","https://www.sonkajarvi.fi/","HTTP 404"
"Kuntien verkkosivut","Kunta","sotkamo","https://www.sotkamo.fi/","municipalityWebsites.ts","ok","200","ok","https://www.sotkamo.fi/",""
"Kuntien verkkosivut","Kunta","sottunga","https://www.sottunga.ax/","municipalityWebsites.ts","ok","200","ok","https://www.sottunga.ax/",""
"Kuntien verkkosivut","Kunta","sulkava","https://sulkava.fi/","municipalityWebsites.ts","ok","200","ok","https://sulkava.fi/",""
"Kuntien verkkosivut","Kunta","sund","https://www.sund.ax/","municipalityWebsites.ts","ok","200","ok","https://www.sund.ax/",""
"Kuntien verkkosivut","Kunta","suomussalmi","https://www.suomussalmi.fi/","municipalityWebsites.ts","huomio","404","ok","https://www.suomussalmi.fi/","HTTP 404"
"Kuntien verkkosivut","Kunta","suonenjoki","https://suonenjoki.fi/","municipalityWebsites.ts","ok","200","ok","https://suonenjoki.fi/",""
"Kuntien verkkosivut","Kunta","sysmä","https://sysma.fi/","municipalityWebsites.ts","ok","200","ok","https://sysma.fi/",""
"Kuntien verkkosivut","Kunta","säkylä","https://www.sakyla.fi/","municipalityWebsites.ts","ok","200","ok","https://www.sakyla.fi/",""
"Kuntien verkkosivut","Kunta","taipalsaari","https://www.taipalsaari.fi/","municipalityWebsites.ts","huomio","404","ok","https://www.taipalsaari.fi/","HTTP 404"
"Kuntien verkkosivut","Kunta","taivalkoski","https://www.taivalkoski.fi/","municipalityWebsites.ts","ok","200","ok","https://taivalkoski.fi/",""
"Kuntien verkkosivut","Kunta","taivassalo","https://www.taivassalo.fi/","municipalityWebsites.ts","ok","200","ok","https://www.taivassalo.fi/",""
"Kuntien verkkosivut","Kunta","tammela","https://www.tammela.fi/","municipalityWebsites.ts","ok","200","ok","https://www.tammela.fi/",""
"Kuntien verkkosivut","Kunta","tampere","https://www.tampere.fi/","municipalityWebsites.ts","ok","200","ok","https://www.tampere.fi/",""
"Kuntien verkkosivut","Kunta","tervo","https://www.tervo.fi/","municipalityWebsites.ts","ok","200","ok","https://www.tervo.fi/fi/etusivu",""
"Kuntien verkkosivut","Kunta","tervola","https://tervola.fi","municipalityWebsites.ts","ok","200","ok","https://tervola.fi/",""
"Kuntien verkkosivut","Kunta","teuva","https://teuva.fi/","municipalityWebsites.ts","ok","200","ok","https://teuva.fi/",""
"Kuntien verkkosivut","Kunta","tohmajärvi","https://www.tohmajarvi.fi/","municipalityWebsites.ts","ok","200","ok","https://www.tohmajarvi.fi/",""
"Kuntien verkkosivut","Kunta","toholampi","https://www.toholampi.fi/","municipalityWebsites.ts","ok","200","ok","https://www.toholampi.fi/",""
"Kuntien verkkosivut","Kunta","toivakka","https://www.toivakka.fi/","municipalityWebsites.ts","ok","200","ok","https://www.toivakka.fi/",""
"Kuntien verkkosivut","Kunta","tornio","https://www.tornio.fi/","municipalityWebsites.ts","ok","200","ok","https://www.tornio.fi/",""
"Kuntien verkkosivut","Kunta","turku","https://turku.fi","municipalityWebsites.ts","ok","200","ok","https://www.turku.fi/",""
"Kuntien verkkosivut","Kunta","tuusniemi","https://www.tuusniemi.fi/","municipalityWebsites.ts","ok","200","ok","https://www.tuusniemi.fi/etusivu",""
"Kuntien verkkosivut","Kunta","tuusula","https://www.tuusula.fi/","municipalityWebsites.ts","ok","200","ok","https://tuusula.fi/",""
"Kuntien verkkosivut","Kunta","tyrnävä","https://www.tyrnava.fi/","municipalityWebsites.ts","ok","200","ok","https://www.tyrnava.fi/",""
"Kuntien verkkosivut","Kunta","ulvila","https://www.ulvila.fi/","municipalityWebsites.ts","ok","200","ok","https://www.ulvila.fi/",""
"Kuntien verkkosivut","Kunta","urjala","https://www.urjala.fi/","municipalityWebsites.ts","ok","200","ok","https://www.urjala.fi/",""
"Kuntien verkkosivut","Kunta","utajärvi","https://www.utajarvi.fi/","municipalityWebsites.ts","ok","200","ok","https://www.utajarvi.fi/fi/",""
"Kuntien verkkosivut","Kunta","utsjoki","https://www.utsjoki.fi/","municipalityWebsites.ts","ok","200","ok","https://www.utsjoki.fi/",""
"Kuntien verkkosivut","Kunta","uurainen","https://uurainen.fi/","municipalityWebsites.ts","ok","200","ok","https://uurainen.fi/",""
"Kuntien verkkosivut","Kunta","uusikaarlepyy","https://www.nykarleby.fi/","municipalityWebsites.ts","ok","200","ok","https://www.nykarleby.fi/",""
"Kuntien verkkosivut","Kunta","uusikaupunki","https://uusikaupunki.fi/","municipalityWebsites.ts","ok","200","ok","https://uusikaupunki.fi/fi",""
"Kuntien verkkosivut","Kunta","vaala","https://www.vaala.fi/","municipalityWebsites.ts","ok","200","ok","https://www.vaala.fi/",""
"Kuntien verkkosivut","Kunta","vaasa","https://www.vaasa.fi/","municipalityWebsites.ts","ok","200","ok","https://www.vaasa.fi/",""
"Kuntien verkkosivut","Kunta","valkeakoski","https://www.valkeakoski.fi/","municipalityWebsites.ts","huomio","500","ok","https://www.valkeakoski.fi/","HTTP 500"
"Kuntien verkkosivut","Kunta","vantaa","https://www.vantaa.fi/","municipalityWebsites.ts","ok","200","ok","https://www.vantaa.fi/fi",""
"Kuntien verkkosivut","Kunta","varkaus","https://varkaus.fi/","municipalityWebsites.ts","ok","200","ok","https://varkaus.fi/fi",""
"Kuntien verkkosivut","Kunta","vehmaa","https://www.vehmaa.fi/","municipalityWebsites.ts","ok","200","ok","https://www.vehmaa.fi/",""
"Kuntien verkkosivut","Kunta","vesanto","https://vesanto.fi/","municipalityWebsites.ts","ok","200","ok","https://vesanto.fi/",""
"Kuntien verkkosivut","Kunta","vesilahti","https://www.vesilahti.fi/","municipalityWebsites.ts","ok","200","ok","https://www.vesilahti.fi/",""
"Kuntien verkkosivut","Kunta","veteli","https://veteli.fi/","municipalityWebsites.ts","ok","200","ok","https://veteli.fi/",""
"Kuntien verkkosivut","Kunta","vieremä","https://vierema.fi/","municipalityWebsites.ts","ok","200","ok","https://vierema.fi/",""
"Kuntien verkkosivut","Kunta","vihti","https://www.vihti.fi/","municipalityWebsites.ts","ok","200","ok","https://www.vihti.fi/",""
"Kuntien verkkosivut","Kunta","viitasaari","https://viitasaari.fi/","municipalityWebsites.ts","ok","200","ok","https://viitasaari.fi/",""
"Kuntien verkkosivut","Kunta","vimpeli","https://www.vimpeli.fi/","municipalityWebsites.ts","ok","200","ok","https://www.vimpeli.fi/",""
"Kuntien verkkosivut","Kunta","virolahti","https://virolahti.fi/","municipalityWebsites.ts","ok","200","ok","https://virolahti.fi/",""
"Kuntien verkkosivut","Kunta","virrat","https://www.virrat.fi","municipalityWebsites.ts","ok","200","ok","https://www.virrat.fi/",""
"Kuntien verkkosivut","Kunta","vårdö","https://www.vardo.ax/","municipalityWebsites.ts","ok","200","ok","https://www.vardo.ax/",""
"Kuntien verkkosivut","Kunta","vöyri","https://www.vora.fi/","municipalityWebsites.ts","ok","200","ok","https://www.vora.fi/",""
"Kuntien verkkosivut","Kunta","ylitornio","https://ylitornio.fi/","municipalityWebsites.ts","ok","200","ok","https://ylitornio.fi/",""
"Kuntien verkkosivut","Kunta","ylivieska","https://www.ylivieska.fi/","municipalityWebsites.ts","ok","200","ok","https://www.ylivieska.fi/",""
"Kuntien verkkosivut","Kunta","ylöjärvi","https://www.ylojarvi.fi/","municipalityWebsites.ts","ok","200","ok","https://www.ylojarvi.fi/",""
"Kuntien verkkosivut","Kunta","ypäjä","https://ypaja.fi/","municipalityWebsites.ts","ok","200","ok","https://ypaja.fi/",""
"Kuntien verkkosivut","Kunta","ähtäri","https://www.ahtari.fi/","municipalityWebsites.ts","ok","200","ok","https://www.ahtari.fi/",""
"Kuntien verkkosivut","Kunta","äänekoski","https://www.aanekoski.fi/","municipalityWebsites.ts","ok","200","ok","https://www.aanekoski.fi/",""
"Paikalliset erikoislinkit","Paikalliset palvelut","Espoon palvelut","https://www.espoo.fi/fi","localServices.ts","ok","200","ok","https://www.espoo.fi/fi",""
"Paikalliset erikoislinkit","Paikalliset palvelut","Föli","https://www.foli.fi/","localServices.ts","ok","200","ok","https://www.foli.fi/fi",""
"Paikalliset erikoislinkit","Paikalliset palvelut","Helmet-kirjastot","https://www.helmet.fi/","localServices.ts","ok","200","ok","https://helmet.finna.fi/",""
"Paikalliset erikoislinkit","Paikalliset palvelut","Helsingin palvelut","https://www.hel.fi/fi","localServices.ts","ok","200","ok","https://www.hel.fi/fi",""
"Paikalliset erikoislinkit","Paikalliset palvelut","HSL Reittiopas","https://www.hsl.fi/","localServices.ts","huomio","403","ok","https://www.hsl.fi/","HTTP 403"
"Paikalliset erikoislinkit","Paikalliset palvelut","Jyväskylän palvelut","https://www.jyvaskyla.fi/","localServices.ts","ok","200","ok","https://www.jyvaskyla.fi/",""
"Paikalliset erikoislinkit","Paikalliset palvelut","Kauniaisten palvelut","https://www.kauniainen.fi/","localServices.ts","ok","200","ok","https://www.kauniainen.fi/",""
"Paikalliset erikoislinkit","Paikalliset palvelut","Keski-kirjastot","https://keski.finna.fi/","localServices.ts","ok","200","ok","https://keski.finna.fi/",""
"Paikalliset erikoislinkit","Paikalliset palvelut","Kuopion palvelut","https://www.kuopio.fi/","localServices.ts","ok","200","ok","https://www.kuopio.fi/",""
"Paikalliset erikoislinkit","Paikalliset palvelut","Kuopion seudun joukkoliikenne","https://vilkku.kuopio.fi/","localServices.ts","ok","200","ok","https://vilkku.kuopio.fi/",""
"Paikalliset erikoislinkit","Paikalliset palvelut","Linkki-paikallisliikenne","https://linkki.jyvaskyla.fi/","localServices.ts","ok","200","ok","https://linkki.jyvaskyla.fi/",""
"Paikalliset erikoislinkit","Paikalliset palvelut","Nysse","https://www.nysse.fi/","localServices.ts","ok","200","ok","https://www.nysse.fi/",""
"Paikalliset erikoislinkit","Paikalliset palvelut","Oulun joukkoliikenne","https://www.ouka.fi/oulu/joukkoliikenne","localServices.ts","ok","200","ok","https://www.osl.fi/",""
"Paikalliset erikoislinkit","Paikalliset palvelut","Oulun palvelut","https://www.ouka.fi/","localServices.ts","ok","200","ok","https://www.ouka.fi/",""
"Paikalliset erikoislinkit","Paikalliset palvelut","OUTI-kirjastot","https://outi.finna.fi/","localServices.ts","ok","200","ok","https://outi.finna.fi/",""
"Paikalliset erikoislinkit","Paikalliset palvelut","PIKI-kirjastot","https://piki.verkkokirjasto.fi/","localServices.ts","virhe","","ok","","fetch failed"
"Paikalliset erikoislinkit","Paikalliset palvelut","Tampereen palvelut","https://www.tampere.fi/","localServices.ts","ok","200","ok","https://www.tampere.fi/",""
"Paikalliset erikoislinkit","Paikalliset palvelut","Turun palvelut","https://www.turku.fi/","localServices.ts","ok","200","ok","https://www.turku.fi/",""
"Paikalliset erikoislinkit","Paikalliset palvelut","Vantaan palvelut","https://www.vantaa.fi/fi","localServices.ts","ok","200","ok","https://www.vantaa.fi/fi",""
"Paikalliset erikoislinkit","Paikalliset palvelut","Vaski-kirjastot","https://vaski.finna.fi/","localServices.ts","ok","200","ok","https://vaski.finna.fi/",""
"Palvelukategoriat","Apua digiin","Digitreenit (Yle)","https://yle.fi/aihe/digitreenit","constants.tsx","ok","200","ok","https://yle.fi/oppiminen/digitreenit",""
"Palvelukategoriat","Apua digiin","Enter ry - Digiopastusta","https://www.entersenior.fi/","constants.tsx","ok","200","ok","https://www.entersenior.fi/",""
"Palvelukategoriat","Apua digiin","Google ohjeet","https://support.google.com","constants.tsx","huomio","404","ok","https://support.google.com/","HTTP 404"
"Palvelukategoriat","Apua digiin","HelsinkiMissio digituki","https://www.helsinkimissio.fi/apua-ja-tukea/seniorit/digituki/","constants.tsx","ok","200","ok","https://www.helsinkimissio.fi/hae-apua/senioreille/digituki/",""
"Palvelukategoriat","Apua digiin","Joen Severi","https://www.joenseveri.fi","constants.tsx","ok","200","ok","https://sites.google.com/site/joenseveriyhdistys/",""
"Palvelukategoriat","Apua digiin","Mukanetti - ATK-apua","https://www.mukanetti.net","constants.tsx","ok","200","ok","https://www.mukanetti.net/",""
"Palvelukategoriat","Apua digiin","Savonetti","https://www.savonetti.fi","constants.tsx","ok","200","ok","https://www.savonetti.fi/",""
"Palvelukategoriat","Apua digiin","SeniorSurf - Opastuspaikat","https://seniorsurf.fi/opastuspaikat/","constants.tsx","ok","200","ok","https://seniorsurf.fi/seniorit/opastuspaikat/",""
"Palvelukategoriat","Apua digiin","Suomi.fi ohjeet","https://www.suomi.fi/ohjeet-ja-tuki","constants.tsx","ok","200","ok","https://www.suomi.fi/ohjeet-ja-tuki",""
"Palvelukategoriat","Apua digiin","Verkosta virtaa","https://verkostavirtaa.fi","constants.tsx","ok","200","ok","https://www.verkostavirtaa.fi/",""
"Palvelukategoriat","Apua digiin","Yle Digitreenit","https://yle.fi/aihe/digitreenit","constants.tsx","ok","200","ok","https://yle.fi/oppiminen/digitreenit",""
"Palvelukategoriat","Hengellisyys","Kirkko ja kaupunki","https://www.kirkkojakaupunki.fi","constants.tsx","ok","200","ok","https://www.kirkkojakaupunki.fi/",""
"Palvelukategoriat","Hengellisyys","Kirkon keskusteluapu","https://kirkonkeskusteluapu.fi","constants.tsx","ok","200","ok","https://evl.fi/apua-ja-tukea/kirkon-keskusteluapu/",""
"Palvelukategoriat","Hengellisyys","Ortodoksinen kirkko","https://www.ort.fi","constants.tsx","ok","200","ok","https://ort.fi/",""
"Palvelukategoriat","Hengellisyys","Patmos","https://www.patmos.fi","constants.tsx","ok","200","ok","https://www.patmos.fi/",""
"Palvelukategoriat","Hengellisyys","Raamattu.fi","https://raamattu.fi","constants.tsx","ok","200","ok","https://www.raamattu.fi/",""
"Palvelukategoriat","Hengellisyys","Radio Dei","https://deiplus.fi/radiot","constants.tsx","ok","200","ok","https://deiplus.fi/radiot",""
"Palvelukategoriat","Hengellisyys","Suomen ev.lut. kirkko","https://evl.fi","constants.tsx","ok","200","ok","https://evl.fi/",""
"Palvelukategoriat","Hengellisyys","TV7","https://www.tv7.fi","constants.tsx","ok","200","ok","https://www.tv7.fi/",""
"Palvelukategoriat","Julkiset palvelut","Digi- ja väestötietovirasto","https://dvv.fi","constants.tsx","ok","200","ok","https://dvv.fi/henkiloasiakkaat",""
"Palvelukategoriat","Julkiset palvelut","Kela","https://www.kela.fi","constants.tsx","ok","200","ok","https://www.kela.fi/henkiloasiakkaat",""
"Palvelukategoriat","Julkiset palvelut","OmaKanta","https://www.kanta.fi","constants.tsx","ok","200","ok","https://www.kanta.fi/",""
"Palvelukategoriat","Julkiset palvelut","Poliisi","https://poliisi.fi","constants.tsx","ok","200","ok","https://poliisi.fi/etusivu",""
"Palvelukategoriat","Julkiset palvelut","Suomi.fi","https://www.suomi.fi","constants.tsx","ok","200","ok","https://www.suomi.fi/etusivu",""
"Palvelukategoriat","Julkiset palvelut","Traficom","https://www.traficom.fi","constants.tsx","ok","200","ok","https://www.traficom.fi/fi/",""
"Palvelukategoriat","Julkiset palvelut","Vero.fi","https://www.vero.fi","constants.tsx","ok","200","ok","https://www.vero.fi/henkiloasiakkaat/",""
"Palvelukategoriat","Kielet","DeepL kääntäjä","https://www.deepl.com","constants.tsx","ok","200","ok","https://www.deepl.com/en",""
"Palvelukategoriat","Kielet","Duolingo","https://www.duolingo.com","constants.tsx","ok","200","ok","https://www.duolingo.com/",""
"Palvelukategoriat","Kielet","Google Kääntäjä","https://translate.google.fi","constants.tsx","ok","200","ok","https://translate.google.fi/?ucbcb=1",""
"Palvelukategoriat","Kielet","Kielitoimiston sanakirja","https://www.kielitoimistonsanakirja.fi","constants.tsx","ok","200","ok","https://www.kielitoimistonsanakirja.fi/",""
"Palvelukategoriat","Kielet","Sanakirja.fi","https://www.sanakirja.fi","constants.tsx","ok","200","ok","https://www.sanakirja.fi/",""
"Palvelukategoriat","Kirjallisuus","Adlibris","https://www.adlibris.com","constants.tsx","huomio","429","ok","https://www.adlibris.com/","HTTP 429"
"Palvelukategoriat","Kirjallisuus","Antikvaari","https://www.antikvaari.fi","constants.tsx","ok","200","ok","https://www.antikvaari.fi/",""
"Palvelukategoriat","Kirjallisuus","BookBeat","https://www.bookbeat.com/fi/","constants.tsx","ok","200","ok","https://www.bookbeat.com/fi",""
"Palvelukategoriat","Kirjallisuus","Booky.fi","https://www.booky.fi","constants.tsx","ok","200","ok","https://www.booky.fi/",""
"Palvelukategoriat","Kirjallisuus","Celia","https://www.celia.fi","constants.tsx","ok","200","ok","https://www.celia.fi/",""
"Palvelukategoriat","Kirjallisuus","Kirjasampo","https://www.kirjasampo.fi","constants.tsx","ok","200","ok","https://www.kirjasampo.fi/",""
"Palvelukategoriat","Kirjallisuus","Project Gutenberg","https://www.gutenberg.org","constants.tsx","ok","200","ok","https://www.gutenberg.org/",""
"Palvelukategoriat","Kirjallisuus","Sähköiset kirjat (Ellibs)","https://www.ellibs.com/fi/","constants.tsx","ok","200","ok","https://ellibs.com/",""
"Palvelukategoriat","Kirjastot","Celia-äänikirjat","https://www.celia.fi","constants.tsx","ok","200","ok","https://www.celia.fi/",""
"Palvelukategoriat","Kirjastot","Finna.fi","https://www.finna.fi","constants.tsx","ok","200","ok","https://www.finna.fi/",""
"Palvelukategoriat","Kirjastot","Finna","https://www.finna.fi","constants.tsx","ok","200","ok","https://www.finna.fi/",""
"Palvelukategoriat","Kirjastot","Helmet-kirjastot","https://www.helmet.fi","constants.tsx","ok","200","ok","https://helmet.finna.fi/",""
"Palvelukategoriat","Kirjastot","Helmet","https://www.helmet.fi","constants.tsx","ok","200","ok","https://helmet.finna.fi/",""
"Palvelukategoriat","Kirjastot","Kirjastot.fi","https://www.kirjastot.fi","constants.tsx","ok","200","ok","https://www.kirjastot.fi/",""
"Palvelukategoriat","Koti","Etuovi","https://www.etuovi.com","constants.tsx","ok","200","ok","https://www.etuovi.com/",""
"Palvelukategoriat","Koti","Martat - Kodinhoito","https://www.martat.fi/marttakoulu/kodinhoito/","constants.tsx","ok","200","ok","https://www.martat.fi/kodinhoito/",""
"Palvelukategoriat","Koti","Martat","https://www.martat.fi","constants.tsx","ok","200","ok","https://www.martat.fi/",""
"Palvelukategoriat","Koti","Motiva","https://www.motiva.fi","constants.tsx","ok","200","ok","https://www.motiva.fi/",""
"Palvelukategoriat","Koti","Oikotie Asunnot","https://asunnot.oikotie.fi","constants.tsx","ok","200","ok","https://asunnot.oikotie.fi/",""
"Palvelukategoriat","Kulttuuri","Kansallisgalleria","https://www.kansallisgalleria.fi","constants.tsx","ok","200","ok","https://kansallisgalleria.fi/",""
"Palvelukategoriat","Kulttuuri","Kansallisooppera","https://oopperabaletti.fi","constants.tsx","ok","200","ok","https://oopperabaletti.fi/",""
"Palvelukategoriat","Kulttuuri","Lippu.fi","https://www.lippu.fi","constants.tsx","ok","200","ok","https://www.lippu.fi/",""
"Palvelukategoriat","Kulttuuri","Museokortti","https://www.museot.fi","constants.tsx","ok","200","ok","https://www.museot.fi/",""
"Palvelukategoriat","Kulttuuri","Museot.fi","https://www.museot.fi","constants.tsx","ok","200","ok","https://www.museot.fi/",""
"Palvelukategoriat","Kulttuuri","Tiketti","https://www.tiketti.fi","constants.tsx","ok","200","ok","https://www.tiketti.fi/",""
"Palvelukategoriat","Liikenne","02 Taksi","https://02taksi.fi","constants.tsx","ok","200","ok","https://02taksi.fi/",""
"Palvelukategoriat","Liikenne","Google Maps","https://www.google.com/maps","constants.tsx","ok","200","ok","https://www.google.com/maps",""
"Palvelukategoriat","Liikenne","HSL Reittiopas","https://www.reittiopas.fi","constants.tsx","huomio","403","ok","https://www.hsl.fi/?fromJourneyPlanner=true","HTTP 403"
"Palvelukategoriat","Liikenne","HSL","https://www.hsl.fi","constants.tsx","huomio","403","ok","https://www.hsl.fi/","HTTP 403"
"Palvelukategoriat","Liikenne","Lähitaksi","https://www.lahitaksi.fi","constants.tsx","ok","200","ok","https://www.lahitaksi.fi/fi/",""
"Palvelukategoriat","Liikenne","Matkahuolto","https://www.matkahuolto.fi","constants.tsx","ok","200","ok","https://www.matkahuolto.fi/",""
"Palvelukategoriat","Liikenne","Menevä Taksi","https://meneva.fi","constants.tsx","ok","200","ok","https://meneva.fi/fi",""
"Palvelukategoriat","Liikenne","OnniBus","https://www.onnibus.com","constants.tsx","huomio","403","ok","https://www.onnibus.com/","HTTP 403"
"Palvelukategoriat","Liikenne","Taksi Helsinki","https://taksihelsinki.fi","constants.tsx","ok","200","ok","https://taksihelsinki.fi/",""
"Palvelukategoriat","Liikenne","VR - Junat","https://www.vr.fi","constants.tsx","ok","200","ok","https://www.vr.fi/",""
"Palvelukategoriat","Liikenne","VR","https://www.vr.fi","constants.tsx","ok","200","ok","https://www.vr.fi/",""
"Palvelukategoriat","Luonto","Luontoon.fi","https://www.luontoon.fi","constants.tsx","ok","200","ok","https://www.luontoon.fi/fi",""
"Palvelukategoriat","Luonto","Luontoportti","https://www.luontoportti.com","constants.tsx","ok","200","ok","https://luontoportti.com/",""
"Palvelukategoriat","Luonto","Metsähallitus","https://www.metsa.fi","constants.tsx","ok","200","ok","https://www.metsa.fi/",""
"Palvelukategoriat","Luonto","Muuttolintujen kevät","https://www.jyu.fi/fi/tutkimus/muuttolintujen-kevat","constants.tsx","ok","200","ok","https://www.jyu.fi/fi/tutkimus/muuttolintujen-kevat",""
"Palvelukategoriat","Luonto","Retkipaikka","https://retkipaikka.fi","constants.tsx","ok","200","ok","https://retkipaikka.fi/",""
"Palvelukategoriat","Luonto","Suomen Latu","https://www.suomenlatu.fi","constants.tsx","ok","200","ok","https://www.suomenlatu.fi/",""
"Palvelukategoriat","Matkailu","Aurinkomatkat","https://www.aurinkomatkat.fi","constants.tsx","ok","200","ok","https://www.aurinkomatkat.fi/",""
"Palvelukategoriat","Matkailu","Finnair","https://www.finnair.com","constants.tsx","ok","200","ok","https://www.finnair.com/",""
"Palvelukategoriat","Matkailu","Momondo","https://www.momondo.fi","constants.tsx","ok","200","ok","https://www.momondo.fi/",""
"Palvelukategoriat","Matkailu","Rantapallo","https://www.rantapallo.fi","constants.tsx","ok","200","ok","https://www.rantapallo.fi/",""
"Palvelukategoriat","Matkailu","Tjäreborg","https://www.tjareborg.fi","constants.tsx","ok","200","ok","https://www.tjareborg.fi/",""
"Palvelukategoriat","Matkailu","Visit Finland","https://www.visitfinland.com","constants.tsx","ok","200","ok","https://www.visitfinland.com/en/",""
"Palvelukategoriat","Musiikki","Radio Player","https://play.radioplayer.org/fi","constants.tsx","ok","200","ok","https://play.radioplayer.org/fi",""
"Palvelukategoriat","Musiikki","Spotify","https://open.spotify.com","constants.tsx","ok","200","ok","https://open.spotify.com/",""
"Palvelukategoriat","Musiikki","Spotify","https://www.spotify.com","constants.tsx","ok","200","ok","https://open.spotify.com/",""
"Palvelukategoriat","Musiikki","Yle Areena audio","https://areena.yle.fi/audio","constants.tsx","ok","200","ok","https://areena.yle.fi/podcastit",""
"Palvelukategoriat","Musiikki","Yle Areena Musiikki","https://areena.yle.fi/audio","constants.tsx","ok","200","ok","https://areena.yle.fi/podcastit",""
"Palvelukategoriat","Musiikki","YouTube Musiikki","https://music.youtube.com","constants.tsx","ok","200","ok","https://music.youtube.com/?cbrd=1&ucbcb=1",""
"Palvelukategoriat","Oikeus","Eduskunnan oikeusasiamies","https://www.oikeusasiamies.fi","constants.tsx","ok","200","ok","https://oikeusasiamies.fi/etusivu",""
"Palvelukategoriat","Oikeus","Finlex","https://www.finlex.fi","constants.tsx","ok","200","ok","https://www.finlex.fi/fi",""
"Palvelukategoriat","Oikeus","Kuluttajaneuvonta","https://www.kkv.fi/kuluttajaneuvonta/","constants.tsx","huomio","500","ok","https://www.kkv.fi/kuluttajaneuvonta/","HTTP 500"
"Palvelukategoriat","Oikeus","Kuluttajaneuvonta","https://www.kuluttajaneuvonta.fi","constants.tsx","huomio","500","ok","https://www.kkv.fi/kuluttaja-asiat/kuluttajaneuvonta/","HTTP 500"
"Palvelukategoriat","Oikeus","Oikeus.fi","https://oikeus.fi","constants.tsx","ok","200","ok","https://www.oikeus.fi/",""
"Palvelukategoriat","Oikeus","Oikeus.fi","https://www.oikeus.fi","constants.tsx","ok","200","ok","https://www.oikeus.fi/",""
"Palvelukategoriat","Oikeus","Tietosuojavaltuutettu","https://tietosuoja.fi","constants.tsx","huomio","429","ok","https://tietosuoja.fi/etusivu","HTTP 429"
"Palvelukategoriat","Pankit","Aktia","https://www.aktia.fi","constants.tsx","ok","200","ok","https://www.aktia.fi/",""
"Palvelukategoriat","Pankit","Danske Bank","https://danskebank.fi","constants.tsx","ok","200","ok","https://danskebank.fi/sinulle",""
"Palvelukategoriat","Pankit","Handelsbanken","https://www.handelsbanken.fi","constants.tsx","ok","206","ok","https://www.handelsbanken.fi/fi/",""
"Palvelukategoriat","Pankit","Mobiilivarmenne","https://mobiilivarmenne.fi","constants.tsx","ok","200","ok","https://mobiilivarmenne.fi/",""
"Palvelukategoriat","Pankit","Nordea","https://www.nordea.fi","constants.tsx","ok","200","ok","https://www.nordea.fi/",""
"Palvelukategoriat","Pankit","OP - Osuuspankki","https://www.op.fi","constants.tsx","ok","200","ok","https://www.op.fi/",""
"Palvelukategoriat","Pankit","OP","https://www.op.fi","constants.tsx","ok","200","ok","https://www.op.fi/",""
"Palvelukategoriat","Pankit","POP Pankki","https://www.poppankki.fi","constants.tsx","ok","200","ok","https://www.poppankki.fi/",""
"Palvelukategoriat","Pankit","S-Pankki","https://www.s-pankki.fi","constants.tsx","ok","200","ok","https://www.s-pankki.fi/",""
"Palvelukategoriat","Pankit","S-Pankki","https://www.spankki.fi","constants.tsx","ok","200","ok","https://www.s-pankki.fi/",""
"Palvelukategoriat","Pankit","Säästöpankki","https://www.saastopankki.fi","constants.tsx","ok","200","ok","https://www.saastopankki.fi/",""
"Palvelukategoriat","Ruoka","K-Ruoka","https://www.k-ruoka.fi","constants.tsx","huomio","403","ok","https://www.k-ruoka.fi/","HTTP 403"
"Palvelukategoriat","Ruoka","Kotikokki","https://www.kotikokki.net","constants.tsx","ok","200","ok","https://www.kotikokki.net/",""
"Palvelukategoriat","Ruoka","S-kaupat","https://www.s-kaupat.fi","constants.tsx","ok","200","ok","https://www.s-kaupat.fi/",""
"Palvelukategoriat","Ruoka","S-Kaupat","https://www.s-kaupat.fi","constants.tsx","ok","200","ok","https://www.s-kaupat.fi/",""
"Palvelukategoriat","Ruoka","Valio Reseptit","https://www.valio.fi/reseptit/","constants.tsx","ok","200","ok","https://www.valio.fi/reseptihaku/",""
"Palvelukategoriat","Ruoka","Yhteishyvä Reseptit","https://yhteishyva.fi","constants.tsx","ok","200","ok","https://yhteishyva.fi/",""
"Palvelukategoriat","Sosiaalinen media","Facebook","https://www.facebook.com","constants.tsx","ok","200","ok","https://www.facebook.com/",""
"Palvelukategoriat","Sosiaalinen media","Instagram","https://www.instagram.com","constants.tsx","ok","200","ok","https://www.instagram.com/",""
"Palvelukategoriat","Sosiaalinen media","WhatsApp Web","https://web.whatsapp.com","constants.tsx","ok","200","ok","https://web.whatsapp.com/",""
"Palvelukategoriat","Sosiaalinen media","X (Twitter)","https://www.x.com","constants.tsx","ok","200","ok","https://x.com/",""
"Palvelukategoriat","Sosiaalinen media","YouTube","https://www.youtube.com","constants.tsx","ok","200","ok","https://www.youtube.com/",""
"Palvelukategoriat","Sovellukset","112 Suomi","https://112.fi","constants.tsx","ok","200","ok","https://112.fi/etusivu",""
"Palvelukategoriat","Sovellukset","App Store (Apple)","https://www.apple.com/fi/app-store/","constants.tsx","ok","200","ok","https://www.apple.com/fi/app-store/",""
"Palvelukategoriat","Sovellukset","App Store","https://apps.apple.com","constants.tsx","ok","200","ok","https://apps.apple.com/us/iphone/today",""
"Palvelukategoriat","Sovellukset","Google Play Kauppa","https://play.google.com","constants.tsx","ok","200","ok","https://play.google.com/store/games",""
"Palvelukategoriat","Sovellukset","Google Play","https://play.google.com/store/apps","constants.tsx","ok","200","ok","https://play.google.com/store/apps",""
"Palvelukategoriat","Sovellukset","Huawei AppGallery","https://appgallery.huawei.com","constants.tsx","ok","206","ok","https://appgallery.huawei.com/",""
"Palvelukategoriat","Sukututkimus","Digihakemisto","https://www.digihakemisto.net","constants.tsx","virhe","","huomio","","DNS ei ratkennut: ENOTFOUND; fetch failed"
"Palvelukategoriat","Sukututkimus","Geni","https://www.geni.com","constants.tsx","ok","200","ok","https://www.geni.com/",""
"Palvelukategoriat","Sukututkimus","Kansallisarkisto","https://arkisto.fi","constants.tsx","ok","200","ok","https://kansallisarkisto.fi/etusivu",""
"Palvelukategoriat","Sukututkimus","MyHeritage","https://www.myheritage.fi","constants.tsx","ok","200","ok","https://www.myheritage.fi/",""
"Palvelukategoriat","Sukututkimus","Sukuhaku","https://www.genealogia.fi","constants.tsx","ok","200","ok","https://www.genealogia.fi/",""
"Palvelukategoriat","Sukututkimus","Suomen Sukututkimusseura","https://www.genealogia.fi","constants.tsx","ok","200","ok","https://www.genealogia.fi/",""
"Palvelukategoriat","Sähköposti","Gmail","https://mail.google.com","constants.tsx","ok","200","ok","https://accounts.google.com/v3/signin/identifier?continue=https%3A%2F%2Fmail.google.com%2Fmail%2Fu%2F0%2F&dsh=S792250757%3A1777548943045391&emr=1&followup=https%3A%2F%2Fmail.google.com%2Fmail%2Fu%2F0%2F&osid=1&passive=1209600&service=mail&flowName=WebLiteSignIn&flowEntry=ServiceLogin&ifkv=AWa2PatRRU5KcBAF6khLtlh7e1--vNFAoW5q3ay2Z1cb3GwiKvBCQaEo0Y1eC7kkBFBNDmKGDzfC",""
"Palvelukategoriat","Sähköposti","Outlook / Hotmail","https://outlook.live.com","constants.tsx","huomio","417","ok","https://outlook.live.com/mail/","HTTP 417"
"Palvelukategoriat","Sähköposti","Outlook","https://outlook.live.com","constants.tsx","huomio","417","ok","https://outlook.live.com/mail/","HTTP 417"
"Palvelukategoriat","Sää","Foreca","https://www.foreca.fi","constants.tsx","ok","200","ok","https://www.foreca.fi/",""
"Palvelukategoriat","Sää","Ilmatieteen laitos","https://www.ilmatieteenlaitos.fi","constants.tsx","ok","200","ok","https://www.ilmatieteenlaitos.fi/",""
"Palvelukategoriat","Sää","Yle Sää","https://yle.fi/saa","constants.tsx","ok","200","ok","https://yle.fi/saa",""
"Palvelukategoriat","Taiteet","Amos Rex","https://amosrex.fi","constants.tsx","ok","200","ok","https://amosrex.fi/",""
"Palvelukategoriat","Taiteet","Ateneum","https://ateneum.fi","constants.tsx","ok","200","ok","https://ateneum.fi/",""
"Palvelukategoriat","Taiteet","Google Arts & Culture","https://artsandculture.google.com","constants.tsx","ok","200","ok","https://artsandculture.google.com/",""
"Palvelukategoriat","Taiteet","Kansallisgalleria","https://www.kansallisgalleria.fi","constants.tsx","ok","200","ok","https://kansallisgalleria.fi/",""
"Palvelukategoriat","Taiteet","Kiasma","https://kiasma.fi","constants.tsx","ok","200","ok","https://kiasma.fi/",""
"Palvelukategoriat","Taiteet","Taidehalli","https://taidehalli.fi","constants.tsx","ok","200","ok","https://taidehalli.fi/",""
"Palvelukategoriat","Tekniikka","Digitreenit (Yle)","https://yle.fi/aihe/digitreenit","constants.tsx","ok","200","ok","https://yle.fi/oppiminen/digitreenit",""
"Palvelukategoriat","Tekniikka","Kyberturvallisuuskeskus","https://www.kyberturvallisuuskeskus.fi","constants.tsx","ok","200","ok","https://www.kyberturvallisuuskeskus.fi/fi/",""
"Palvelukategoriat","Tekniikka","Mikrobitti","https://www.mikrobitti.fi","constants.tsx","ok","200","ok","https://www.iltalehti.fi/bitti?utm_source=mikrobitti&utm_medium=almainternal&utm_campaign=mb_redirect",""
"Palvelukategoriat","Tekniikka","Tekniikan Maailma","https://tekniikanmaailma.fi","constants.tsx","ok","200","ok","https://tekniikanmaailma.fi/",""
"Palvelukategoriat","Tekniikka","Tivi","https://www.tivi.fi","constants.tsx","ok","200","ok","https://www.tivi.fi/",""
"Palvelukategoriat","Tekniikka","Yle Digitreenit","https://yle.fi/aihe/digitreenit","constants.tsx","ok","200","ok","https://yle.fi/oppiminen/digitreenit",""
"Palvelukategoriat","Terveys","Apteekki.fi","https://www.apteekki.fi","constants.tsx","ok","200","ok","https://www.apteekki.fi/",""
"Palvelukategoriat","Terveys","Mehiläinen","https://www.mehilainen.fi","constants.tsx","ok","200","ok","https://www.mehilainen.fi/",""
"Palvelukategoriat","Terveys","OmaKanta","https://www.kanta.fi","constants.tsx","ok","200","ok","https://www.kanta.fi/",""
"Palvelukategoriat","Terveys","OmaKanta","https://www.kanta.fi/omakanta","constants.tsx","ok","200","ok","https://www.kanta.fi/omakanta",""
"Palvelukategoriat","Terveys","Terveyskirjasto","https://www.terveyskirjasto.fi","constants.tsx","ok","200","ok","https://www.terveyskirjasto.fi/",""
"Palvelukategoriat","Terveys","Terveyskylä","https://www.terveyskyla.fi","constants.tsx","ok","200","ok","https://www.terveyskyla.fi/",""
"Palvelukategoriat","Terveys","Terveystalo","https://www.terveystalo.com","constants.tsx","ok","200","ok","https://www.terveystalo.com/",""
"Palvelukategoriat","Terveys","THL","https://thl.fi","constants.tsx","huomio","429","ok","https://thl.fi/etusivu","HTTP 429"
"Palvelukategoriat","Tiede","Heureka","https://www.heureka.fi","constants.tsx","ok","200","ok","https://www.heureka.fi/",""
"Palvelukategoriat","Tiede","Tiede-lehti","https://www.tiede.fi","constants.tsx","ok","200","ok","https://www.hs.fi/tiede/",""
"Palvelukategoriat","Tiede","Tiedeykkönen (Yle)","https://areena.yle.fi/podcastit/1-1466035","constants.tsx","huomio","404","ok","https://areena.yle.fi/1-1466035","HTTP 404"
"Palvelukategoriat","Tiede","Tieteen Kuvalehti","https://tieku.fi","constants.tsx","ok","200","ok","https://tieku.fi/",""
"Palvelukategoriat","Turvallisuus","112.fi - Hätäkeskus","https://112.fi","constants.tsx","huomio","429","ok","https://112.fi/","HTTP 429"
"Palvelukategoriat","Turvallisuus","Huijausinfo","https://www.huijausinfo.fi","constants.tsx","ok","200","ok","https://www.kuluttajaliitto.fi/hankkeet/huijausinfo/",""
"Palvelukategoriat","Turvallisuus","Kyberturvallisuuskeskus","https://www.kyberturvallisuuskeskus.fi","constants.tsx","ok","200","ok","https://www.kyberturvallisuuskeskus.fi/fi/",""
"Palvelukategoriat","Turvallisuus","Pelastustoimi","https://pelastustoimi.fi","constants.tsx","ok","200","ok","https://pelastustoimi.fi/etusivu",""
"Palvelukategoriat","Turvallisuus","Poliisi","https://poliisi.fi","constants.tsx","huomio","429","ok","https://poliisi.fi/","HTTP 429"
"Palvelukategoriat","Turvallisuus","Poliisi","https://www.poliisi.fi","constants.tsx","huomio","429","ok","https://www.poliisi.fi/","HTTP 429"
"Palvelukategoriat","Turvallisuus","Suvanto ry","https://www.suvantory.fi/","constants.tsx","ok","200","ok","https://www.suvantory.fi/",""
"Palvelukategoriat","Urheilu","Iltalehti Urheilu","https://www.iltalehti.fi/urheilu","constants.tsx","ok","200","ok","https://www.iltalehti.fi/urheilu",""
"Palvelukategoriat","Urheilu","MTV Urheilu","https://www.mtv.fi/urheilu","constants.tsx","ok","200","ok","https://www.mtv.fi/urheilu",""
"Palvelukategoriat","Urheilu","Tulospalvelu.fi","https://www.tulospalvelu.fi","constants.tsx","ok","200","ok","https://www.tulospalvelu.fi/",""
"Palvelukategoriat","Urheilu","Yle Urheilu","https://yle.fi/urheilu","constants.tsx","ok","200","ok","https://yle.fi/urheilu",""
"Palvelukategoriat","Uutiset & Media","Helsingin Sanomat","https://www.hs.fi","constants.tsx","ok","200","ok","https://www.hs.fi/",""
"Palvelukategoriat","Uutiset & Media","Ilta-Sanomat","https://www.is.fi","constants.tsx","ok","200","ok","https://www.is.fi/",""
"Palvelukategoriat","Uutiset & Media","Iltalehti","https://www.iltalehti.fi","constants.tsx","ok","200","ok","https://www.iltalehti.fi/",""
"Palvelukategoriat","Uutiset & Media","Maaseudun Tulevaisuus","https://www.maaseuduntulevaisuus.fi","constants.tsx","ok","200","ok","https://www.maaseuduntulevaisuus.fi/",""
"Palvelukategoriat","Uutiset & Media","Yle Uutiset","https://yle.fi/uutiset","constants.tsx","ok","200","ok","https://yle.fi/uutiset",""
"Palvelukategoriat","Vapaa-aika","Kansalaisopistot","https://kansalaisopistot.fi","constants.tsx","ok","200","ok","https://kansalaisopistot.fi/",""
"Palvelukategoriat","Vapaa-aika","Lähellä.fi","https://www.lahella.fi","constants.tsx","ok","200","ok","https://www.lahella.fi/",""
"Palvelukategoriat","Vapaa-aika","Martat","https://www.martat.fi","constants.tsx","ok","200","ok","https://www.martat.fi/",""
"Palvelukategoriat","Vapaa-aika","Suomen Latu","https://www.suomenlatu.fi","constants.tsx","ok","200","ok","https://www.suomenlatu.fi/",""
"Palvelukategoriat","Vapaa-aika","Suomi.fi harrastushaku","https://www.suomi.fi/palvelut/harrastushaku","constants.tsx","ok","200","ok","https://www.suomi.fi/palvelut/-/harrastushaku",""
"Palvelukategoriat","Vapaa-aika","Vapaaehtoistyö","https://www.vapaaehtoistyö.fi","constants.tsx","virhe","","ok","","Tarkistus aikakatkaistiin"
"Palvelukategoriat","Verkkokaupat","K-Ruoka Kauppa","https://www.k-ruoka.fi/kauppa","constants.tsx","huomio","403","ok","https://www.k-ruoka.fi/kauppa","HTTP 403"
"Palvelukategoriat","Verkkokaupat","Posti","https://www.posti.fi","constants.tsx","ok","200","ok","https://www.posti.fi/",""
"Palvelukategoriat","Verkkokaupat","Prisma.fi","https://www.prisma.fi","constants.tsx","ok","200","ok","https://www.prisma.fi/",""
"Palvelukategoriat","Verkkokaupat","Tokmanni","https://www.tokmanni.fi","constants.tsx","ok","200","ok","https://www.tokmanni.fi/",""
"Palvelukategoriat","Verkkokaupat","Tori.fi","https://www.tori.fi","constants.tsx","ok","200","ok","https://www.tori.fi/",""
"Palvelukategoriat","Verkkokaupat","Verkkokauppa.com","https://www.verkkokauppa.com","constants.tsx","ok","200","ok","https://www.verkkokauppa.com/fi/etusivu",""
"Palvelukategoriat","Verkkokaupat","Zalando","https://www.zalando.fi","constants.tsx","huomio","503","ok","https://www.zalando.fi/","HTTP 503"
"Palvelukategoriat","Viihde","MTV Katsomo","https://www.mtv.fi","constants.tsx","ok","200","ok","https://www.mtv.fi/",""
"Palvelukategoriat","Viihde","MTV Katsomo","https://www.mtv.fi/katsomo","constants.tsx","huomio","404","ok","https://www.mtv.fi/katsomo","HTTP 404"
"Palvelukategoriat","Viihde","Netflix","https://www.netflix.com","constants.tsx","ok","200","ok","https://www.netflix.com/fi/",""
"Palvelukategoriat","Viihde","Ruutu","https://www.ruutu.fi","constants.tsx","ok","200","ok","https://www.ruutu.fi/",""
"Palvelukategoriat","Viihde","Yle Areena","https://areena.yle.fi","constants.tsx","ok","200","ok","https://areena.yle.fi/tv",""
"Palvelukategoriat","Viihde","YouTube","https://www.youtube.com","constants.tsx","ok","200","ok","https://www.youtube.com/",""
"Sovelluksen omat linkit","Digiopastus","SeniorSurf opastuspaikat","https://seniorsurf.fi/seniorit/opastuspaikat/","NearbyGuidancePlaces.tsx","ok","200","ok","https://seniorsurf.fi/seniorit/opastuspaikat/",""
"Sovelluksen omat linkit","Footer","SeniorSurf logo","https://seniorsurf.fi/wp-content/uploads/SeniorSurf_White-320-x-102-px.svg","App.tsx","ok","200","ok","https://seniorsurf.fi/wp-content/uploads/SeniorSurf_White-320-x-102-px.svg",""
"Sovelluksen omat linkit","Footer","SeniorSurf","https://seniorsurf.fi/","App.tsx","ok","200","ok","https://seniorsurf.fi/",""
"Sovelluksen omat linkit","Haku","Google-haku","https://www.google.com/search","SearchBar.tsx / localServices.ts","ok","200","ok","https://www.google.com/search",""
"Sovelluksen omat linkit","Paikannus API","OpenStreetMap Nominatim reverse geocoding","https://nominatim.openstreetmap.org/reverse","WeatherCard.tsx","huomio","403","ok","https://nominatim.openstreetmap.org/reverse","HTTP 403"
"Sovelluksen omat linkit","RSS proxy","rss2json","https://api.rss2json.com/v1/api.json","rssService.ts","huomio","422","ok","https://api.rss2json.com/v1/api.json","HTTP 422"
"Sovelluksen omat linkit","Sää API","Open-Meteo ennuste","https://api.open-meteo.com/v1/forecast","WeatherCard.tsx","ok","200","ok","https://api.open-meteo.com/v1/forecast",""
"Sovelluksen omat linkit","Sää","Ilmatieteen laitos","https://www.ilmatieteenlaitos.fi/","WeatherCard.tsx","ok","200","ok","https://www.ilmatieteenlaitos.fi/",""
"Sovelluksen omat linkit","Uutiset","Google News Suomi","https://news.google.com/home?hl=fi&gl=FI&ceid=FI:fi","RegionalServicesPanel.tsx","ok","200","ok","https://news.google.com/home?hl=fi-FI&gl=FI&ceid=FI:fi&ucbcb=1",""
