"Kunta","Kunnan sivusto","Ehdotettu URL","HTTP","Otsikko","Termit","Pisteet","Ehdokas-URLien määrä","Katkelma"
"akaa","https://akaa.fi/","https://akaa.fi/meidan-akaa/liikenneyhteydet/","200","Liikenneyhteydet &#x2d; Akaan kaupunki","palveluliikenne","95","19","Liikenneyhteydet &#x2d; Akaan kaupunki Siirry sisältöön Avaa hakutoiminto Hae sivustolta Etsi Tapahtumat Kartat Kontrasti Tekstikoko Päävalikko Etusivu Terveys Hyvinvointia elintavoilla Tee ja viihdy Mitä Akaassa voi tehdä tai harrastaa? / Visit Akaa Tapahtumakalenteri Ilmoita tapahtuma Kirjasto Kulttuuri ja taide Liikunta Nuoret Sivistystoimen avustukset Toijalan Satama Varhaiskasvatus ja koulut Varhaiskasvatus Opetuspalvelut Ruoka- ja siivouspa"
"alajärvi","https://alajarvi.fi/","https://alajarvi.fi/kaupunki-ja-hallinto/asiointi-ja-yhteystiedot/palveluliikenne/","200","Palveluliikenne - Alajärven kaupunki","palveluliikenne","95","14","js --> js --> Palveluliikenne - Alajärven kaupunki Siirry sisältöön Alajärven kaupunki Hae sivustolta HAE Yhteystiedot Kuuntele Kirjasinkoko MENU MENU Etusivu Kaupunki ja hallinto Tietoa Alajärvestä Kuntainfo Alvar Aalto-kohteet Viestintä Kartat ja esitteet Historia ja murre Osallistu ja vaikuta Aloitteet Nuorisovaltuusto Vammaisneuvosto Vanhusneuvosto Kunta- ja aluevaalit 2025 Palaute Päätöksenteko Esityslistat ja pöytäkirjat Viranhaltijapäätöks"
"alavieska","https://www.alavieska.fi/","https://www.alavieska.fi/kunnan_palvelut/kutsutaksi","200","Kutsutaksi | Alavieska","kutsutaksi","65","16","Kutsutaksi | Alavieska Hyppää pääsisältöön &nbsp; Etusivulle &nbsp; Kuntalaisten linkit &nbsp; Yhteystiedot Kunta ja hallinto Ajankohtaista Päätöksenteko Esityslistat ja pöytäkirjat Luottamushenkilötietolomake Ohjeet, taksat, suunnitelmat ja säännöt Sidonnaisuusrekisteri Viranhaltijapäätökset Kuntainfo Kuntastrategia Kuntatiedotteet Kunnan palvelut Kutsutaksi Kuulutukset Asiointi ja lomakkeet Asioi turvallisesti Toimielimet Kunnanhallitus Kunnanv"
"alavus","https://www.alavus.fi/","","","","","","14",""
"asikkala","https://asikkala.fi/","https://asikkala.fi/asuminen-ja-ymparisto/joukko-ja-palveluliikenne/","200","Joukko- ja palveluliikenne - Asikkala","palveluliikenne","95","18","Joukko- ja palveluliikenne - Asikkala Siirry sisältöön Etusivulle Yhteystiedot Asioi verkossa Palaute Haku Avaa tai sulje valikko Asuminen ja ympäristö Asuminen Rakentaminen Kaavoitus ja maankäyttö Maanmittaus ja kartat Kanavat ja satamat Yleiset alueet Asikkalan pelastusasema Vesihuolto Jätehuolto Tiet, liikenne ja liikenneturvallisuus Ympäristönsuojelu Vapaat tontit Kasvatus ja opetus Varhaiskasvatus Esiopetus Perusopetus Vääksyn Yhteiskoulun l"
"askola","https://askola.fi/","","","","","","15",""
"aura","https://aura.fi/","","","","","","14",""
"brändö","https://www.brando.ax/","","","","","","14",""
"eckerö","https://www.eckero.ax/","","","","","","14",""
"enonkoski","https://enonkoski.fi/","","","","","","15",""
"espoo","https://www.espoo.fi","","","","","","14",""
"eura","https://www.eura.fi/","","","","","","14",""
"eurajoki","https://www.eurajoki.fi/","","","","","","14",""
"evijärvi","https://evijarvi.fi/","https://evijarvi.fi/asuminen-ja-ymparisto/linja-auto-ja-palveluliikenne","200","Linja-auto- ja palveluliikenne - Evijärven kunta","palveluliikenne","95","15","Linja-auto- ja palveluliikenne - Evijärven kunta Sulje Menu Kunta ja päätöksenteko &nbsp; Uutisia Kuulutukset Tietoa Evijärvestä &nbsp; Kunnan esite Muuttajalle &nbsp; Evijärven kyläkummit ja kylät Evijärvi -opas EvijärviAPP Organisaatio Talous Päätöksenteko &nbsp; Esityslistat ja pöytäkirjat 2025- Pöytäkirjat 2024 Pöytäkirjat 2019-2023 Viranhaltijapäätökset 2025- Viranhaltijapäätökset 2023-2024 Luottamushenkilöt ja toimielimet Sidonnaisuusrekist"
"finström","https://www.finstrom.ax/","","","","","","14",""
"forssa","https://www.forssa.fi/","https://www.forssa.fi/asuminen-ja-ymparisto/joukkoliikenne-1558118806/","200","Liikenne | Forssan kaupunki","palveluliikenne; palvelubussi","115","22","Liikenne | Forssan kaupunki Sisältöön &raquo; Etusivu Kaupunki ja hallinto Forssa-tietoa Asukkaaksi Forssan historia Forssan keskusta - kaupunkikävely Kaupunginjohtajan tervehdys Kaupunginosat ja kylät Lukuja Forssasta Muuttajapalvelut Uutiskirje Vaakuna Ystävyyskaupungit Päätöksenteko Kaupunginvaltuusto Valtuustoaloitteet Kaupunginhallitus Lauta- ja johtokunnat Keskusvaalilautakunta Sivistyslautakunta Tarkastuslautakunta Yhdyskuntalautakunta Ymp"
"föglö","https://www.foglo.ax/","","","","","","14",""
"geta","https://www.geta.ax/","","","","","","14",""
"haapajärvi","https://www.haapajarvi.fi/","","","","","","14",""
"haapavesi","https://haapavesi.fi/","","","","","","14",""
"hailuoto","https://hailuoto.fi/","","","","","","15",""
"halsua","https://halsua.fi/","","","","","","14",""
"hamina","https://www.hamina.fi/","https://www.hamina.fi/asuminen-ymparisto/kadut-tiet-ja-liikenne/joukkoliikenne/","200","Joukkoliikenne ja palveluliikenne &#x2d; Haminan kaupunki","palveluliikenne","95","15","Joukkoliikenne ja palveluliikenne &#x2d; Haminan kaupunki Siirry pääsisältöön Ajankohtaista Palaute Tapahtumat Tietosuoja Yhteystiedot Hae sivustolta Valitse sivuston kieli Asuminen &amp; ympäristö Asuminen &amp; ympäristö Asuminen Muuttajalle Eläinlääkintä Hamina-Asunnot Oy Haminan Vesi Hankkeet ja suunnitelmat Kaavoitus Kadut, tiet ja liikenne Kartat ja paikkatiedot Kaupungin myynnissä olevat kiinteistöt Kiinteistöpalvelut Kymenlaakson kylähake"
"hammarland","https://www.hammarland.ax/","","","","","","14",""
"hankasalmi","https://hankasalmi.fi/","","","","","","14",""
"hanko","https://hanko.fi/","","","","","","14",""
"harjavalta","https://www.harjavalta.fi/","","","","","","14",""
"hartola","https://hartola.fi/","https://hartola.fi/hartolan-kunnan-palvelu-ja-asiointiliikenne/","200","Hartolan kunnan palvelu- ja asiointiliikenne - Hartola","asiointiliikenne","85","33","Hartolan kunnan palvelu- ja asiointiliikenne - Hartola Skip to content --> --> --> --> --> --> --> --> --> VALIKKO SULJE Asuminen ja rakentaminen Asuminen Vuokra-asunnot Vikailmoitukset Matonpesu Väestönsuojat Rakentaminen Rakennusvalvonta Vapaat tontit Omakotitontit Vapaa-ajan tontit Yritys- ja liiketoiminta tontit Toimitilat yrityksille Kaavoitus ja maankäyttö Kaavoitus Vireillä olevat kaavahankkeet Kaavoitusmaksut Eläinlääkintä, ympäristönsuoj"
"hattula","https://hattula.fi/","","","","","","15",""
"hausjärvi","https://www.hausjarvi.fi/","","","","","","14",""
"heinola","https://www.heinola.fi/","https://www.heinola.fi/asuminen-ja-ymparisto/asuminen/joukkoliikenne/","200","Joukkoliikenne - Heinola","palveluliikenne; kutsutaksi; palvelubussi","135","20","Joukkoliikenne - Heinola In English Anna palautetta Yhteystiedot Haku Asioi sähköisesti Menu Sulje Asuminen ja ympäristö Asuminen Kaupunkisuunnittelu Kiinteistö- ja mittauspalvelut Liikenne ja kadut Puistot ja yleiset alueet Vapaat tontit, rakentaminen ja luvat Ympäristö ja luonto Kasvatus ja opetus Varhaiskasvatus ja esiopetus Perusopetus Ammatillinen ja korkeakoulutus Heinolan lukio Heinolan musiikkiopisto Heinolan nuorisopalvelut Heinolan kans"
"heinävesi","https://www.heinavesi.fi/","https://www.heinavesi.fi/liikenne-ja-kadut/asiointiliikenne/","200","Asiointiliikenne - Heinävesi","asiointiliikenne","85","15","Asiointiliikenne - Heinävesi Asiointiliikenne - Heinävesi Etsi Kuulutukse t Lomakkeet Yhteystiedot Asuminen ja ympäristö Asuminen ja tontit Kaavoitus ja maankäyttö Liikenne ja kadut Työ ja elinkeino Työlli­syys­pal­velut Heinävesi työnantajana Kesätyö­paikat Yritys­pal­velut Maaseu­tu­pal­velut Hyvinvointi ja terveys Sosiaali ja terveyspalvelut Kasvatus ja opetus Varhais­kas­vatus Esiopetus Perus­o­petus Lukio Kulttuuri ja vapaa-aika Kirjasto Kul"
"helsinki","https://hel.fi","","","","","","15",""
"hirvensalmi","https://www.hirvensalmi.fi/","https://www.hirvensalmi.fi/hirvensalmi-info/joukkoliikenne/","200","Joukkoliikenne &#x2d; Hirvensalmi","kutsutaksi","65","16","Joukkoliikenne &#x2d; Hirvensalmi Skip to content HIRVENSALMI -elämää ja enemmän- Generic selectors Exact matches only Search in title Search in content Post Type Selectors Etusivu Hirvensalmi info Yrittäminen ja työ Yrittäminen ja elinvoimapalvelut Työllisyyspalvelut Kesätyöt Avoimet työpaikat Vapaat toimitilat ja tontit Uutelan alue Kissakoski Kirkonkylä Otavantie Sivistyspalvelut Koulut Info Elomaan koulu Lahnaniemen koulu Varhaiskasvatus Info"
"hollola","https://hollola.fi/","https://hollola.fi/asuminen-ja-ymparisto/kadut-ja-liikenne/joukkoliikenne/","200","Joukkoliikenne - Hollola","palveluliikenne; asiointiliikenne","135","18","Joukkoliikenne - Hollola Siirry suoraan sisältöön Etusivulle Sulje Suomeksi In English Palaute , avautuu uuteen välilehteen Asiointi Verkkokauppa , avautuu uuteen välilehteen Yhteystiedot Ajankohtaista Avaa alavalikko kohteelle Sulje alavalikko kohteelle Ajankohtaista Uutiset Tiedotteet Tapahtumat Blogit Asuminen ja ympäristö Avaa alavalikko kohteelle Sulje alavalikko kohteelle Asuminen ja ympäristö Asuminen Avaa alavalikko kohteelle Sulje alaval"
"huittinen","https://www.huittinen.fi/","https://www.huittinen.fi/asuminen-ja-ymparisto/asuminen-ymparisto-ja-liikenne/joukkoliikenne/","200","Joukkoliikenne - Huittisten kaupunki","palveluliikenne; asiointiliikenne","135","15","Joukkoliikenne - Huittisten kaupunki Siirry sisältöön Oikopolut Ajankohtaista Tapahtumat Karttapalvelu (siirryt toiseen palveluun) Sähköinen asiointi Anna palautetta Yhteystiedot Huittinen logo — Etusivu Osallistu ja vaikuta Hae hakutermillä Hae Ensisijainen Hae hakutermillä Hae Etusivu Asuminen ja ympäristö Asuminen, ympäristö ja liikenne Asumisen palvelut Joukkoliikenne Hulevedet ja tulvasuojelu Kadut ja yksityistiet Liikenneturvallisuus Mikrol"
"humppila","https://www.humppila.fi/","","","","","","14",""
"hyrynsalmi","https://www.hyrynsalmi.fi/","https://hyrynsalmi.fi/asuminen-ja-ymparisto/tiet-ja-yleiset-alueet/asiointiliikenne/","200","Asiointiliikenne - Hyrynsalmen kunta","asiointiliikenne","85","15","Asiointiliikenne - Hyrynsalmen kunta Yhteystiedot Ajankohtaista Reittiopas Tapahtumat Palaute FI EN Haku Siirry sisältöön Päävalikko Etusivu Asuminen ja ympäristö Tervetuloa Hyrynsalmelle Miksi Hyrynsalmelle? Muuttajan palvelupolku Perhementorointi Asuminen ja ympäristö Asumisneuvonta Kiinteistönhuolto Kartat Kaavoitus Voimassa olevat kaavat Vireillä olevat kaavat Jätehuolto Palo ja pelastustoimi Rakennus- ja ympäristövalvonta Rakennusvalvonta Ym"
"hyvinkää","https://www.hyvinkaa.fi/","https://www.hyvinkaa.fi/liikenne/","200","Liikenne - Hyvinkään kaupunki","palvelubussi","65","21","Liikenne - Hyvinkään kaupunki --> Siirry pääsisältöön Kuuntele Ohje Yhteystietohaku Palaute eHyvinkaa Kartat EN SV Kuuntele Ohje --> Asuminen, ympäristö ja liikenne Asuminen ja&nbsp; liikenne Asumisen palvelut Asukasyhdistykset ja kyl&auml;toiminta Hyvink&auml;&auml;n Vesi Joukkoliikenne Kadut ja tiet &nbsp; Liikenne Puistot, mets&auml;t ja leikkipaikat&nbsp; Py&ouml;r&auml;ily Pys&auml;k&ouml;inti P&auml;ivitt&auml;istoritoiminnot V&auml;est&oum"
"hämeenkyrö","https://hameenkyro.fi/","https://hameenkyro.fi/palvelut/asuminen-ja-elinymparisto/kartat-ja-liikenne/joukkoliikenne/","200","Joukkoliikenne - Hämeenkyrö","palveluliikenne","95","19","Joukkoliikenne - Hämeenkyrö Siirry sisältöön Hämeenkyrön kaupungin logo In english På svenska Yhteystiedot Päätöksenteko Anna palautetta Hae sivustolta Hae sivustolta Avaa alavalikko Asuminen ja elinympäristö Avaa alavalikko Kasvatus ja opetus Avaa alavalikko Kulttuuri ja vapaa-aika Avaa alavalikko Kunta ja hallinto Avaa alavalikko Työ ja yrittäminen Avaa valikko Suomi Hae sivustolta Hae sivustolta In english På svenska Yhteystiedot Päätöksenteko"
"hämeenlinna","https://www.hameenlinna.fi/","","","","","","21",""
"ii","https://www.ii.fi/","","","","","","14",""
"iisalmi","https://www.iisalmi.fi/","https://iisalmi.fi/asuminen-ja-ymparisto/kadut-ja-liikenne/julkinen-liikenne/pali-palveluliikenne/","200","PALI-palveluliikenne - Iisalmi","palveluliikenne","95","16","PALI-palveluliikenne - Iisalmi Siirry sisältöön Etusivu Haku Asioi verkossa Hae yhteystietoja Päätökset Haku: Hae Kun tuloksia tulee, voit selata niitä nuolinäppäimillä ylös ja alas ja siirtyä halutulle sivulle enterin painalluksella. Kosketusnäytöllisten laitteiden käyttäjät voivat selata tuloksia koskettamalla ja pyyhkäisemällä. Siirry Asuminen ja ympäristö Asuminen Ympäristö ja eläimet Kadut ja liikenne Kaupunkisuunnittelu ja kaavoitus Tontit "
"iitti","https://www.iitti.fi/","https://www.iitti.fi/asuminen-ja-ymparisto/kadut-tiet-ja-liikenne/joukko-ja-palveluliikenne/","200","Joukkoliikenne, asiointiliikenne ja palveluliikenne | Iitin kunta","palveluliikenne; asiointiliikenne","135","15","Joukkoliikenne, asiointiliikenne ja palveluliikenne | Iitin kunta Visit Iitti Oma koti Iitistä Sijoitu Iittiin Yleistä Iitistä Kuntakortti Esitteet ja kartat Iitin historiaa Iitin Tiltu Ansioituneen iittiläisen tunnustuspalkinto Ajankohtaista Kuulutukset Tapahtumat Yhteystiedot Asuminen ja ympäristö Tontit ja asuminen Jäte-, energia- ja vesihuolto Kadut, tiet ja liikenne Puistot ja yleiset alueet Rakentaminen ja rakennusvalvonta Kaavoitus ja maan"
"ikaalinen","https://ikaalinen.fi/","https://ikaalinen.fi/asuminen-ja-ymparisto/kaupunkiymparisto-ja-liikenne-2/joukkoliikenne/","200","Joukkoliikenne - Ikaalinen","palveluliikenne; asiointiliikenne","135","16","Joukkoliikenne - Ikaalinen Siirry sisältöön This website uses Google Translate вітаємо вас до Ікаалінен Yhteystiedot form > .textfield').val() == '') { jQuery('#searchform-8b40efa76883').removeClass('search-visible'); return false; }""> Asuminen ja ympäristö Asuminen, rakentaminen ja tontit Ihana kamala maaseutu Ikaalisten kylät Jylli Kovelahti Lahdenpohjan alueen kylät Myllykarttu-Mansoniemi Riitiala Röyhiö Tevaniemi Vatula Sikuri-Kolkko Karttu A"
"ilmajoki","https://ilmajoki.fi/","","","","","","14",""
"ilomantsi","https://www.ilomantsi.fi/","https://www.ilomantsi.fi/asuminen-ja-ymparisto/liikenne-ja-tieverkko/asiointiliikenne/","200","Asiointiliikenne - Ilomantsin kunta","asiointiliikenne","85","18","Asiointiliikenne - Ilomantsin kunta Asiointiliikenne - Ilomantsin kunta Yhteystiedot Etsi Valikko Kunta ja hallinto Päätöksenteko Asiointi Osallistu ja vaikuta Tietosuojaseloste Viestintä Strategia, talous ja ohjelmat Pogostan pitäjä Kunnanjohtajan blogi Matkailu Monipaikkaiset Kasvatus ja opetus Varhaiskasvatus Pogostan koulu Ilomantsin lukio Kansalaisopisto Lähialueen koulutustarjontaa Asuminen ja ympäristö Vesihuolto Rakentaminen ja asuminen Y"
"imatra","https://www.imatra.fi/","","","","","","29",""
"inari","https://www.inari.fi/","","","","","","14",""
"inkoo","https://www.inga.fi/","","","","","","14",""
"isojoki","https://isojoki.fi/","","","","","","15",""
"isokyrö","https://isokyro.fi/","","","","","","14",""
"janakkala","https://www.janakkala.fi/","https://www.janakkala.fi/asuminen-ja-ymparisto/kadut-ja-liikenne/joukkoliikenne/bussiliikenteen-aikataulut-ja-liput/","200","Bussiliikenteen aikataulut ja liput - Janakkala","palveluliikenne","95","17","Bussiliikenteen aikataulut ja liput - Janakkala Käytät &lt;strong&gt;vanhentunutta&lt;/strong&gt; selainta. Ole hyvä ja &lt;a href=”http://browsehappy.com/”&gt;päivitä selaimesi&lt;/a&gt; parantaaksesi käyttökokemustasi. Siirry sisältöön Palaute Karttapalvelu Ajankohtaiset Yhteystiedot fi en Janakkala Haku Valikko Asioi sähköisesti Palaute Rekrytointi DaisyFamily eDaisy Wilma Vanamo-verkkokirjasto ASIO-tilavarauspalvelu Kuntosalikortit verkkokaup"
"joensuu","https://www.joensuu.fi/","https://www.joensuu.fi/arjen-palvelut/liikenne-kadut-ja-kunnossapito/joukkoliikenne/","200","Joukkoliikenne - Joensuu","palveluliikenne; asiointiliikenne","135","16","Joukkoliikenne - Joensuu Siirry sisältöön { setTimeout(() => { isOpenDelay = value }, 700); setTimeout(() => { isOpenDelayShort = value }, 30); }); $watch('langSwitcherIsOpen', value => { setTimeout(() => { langSwitcherIsOpenDelay = value }, 700); setTimeout(() => { langSwitcherIsOpenDelayShort = value }, 30); }); $watch('searchIsOpen', value => { setTimeout(() => { searchIsOpenDelay = value }, 700); setTimeout(() => { searchIsOpenDelayShort = va"
"jokioinen","https://www.jokioinen.fi/","","","","","","15",""
"jomala","https://www.jomala.ax/","","","","","","14",""
"joroinen","https://www.joroinen.fi/","https://www.joroinen.fi/asuminen-ja-ymparisto/liikenne/palveluliikenne-pali/","200","Palveluliikenne PALI - joroinen.fi","palveluliikenne; kutsujoukkoliikenne","115","15","Palveluliikenne PALI - joroinen.fi Suoraan sisältöön Etusivu Lomakkeet Kuulutukset Asiointi Yhteystiedot Search for: Search Button Asuminen ja ympäristö Tiet, kadut ja yleiset alueet Kadut, puistot ja yleiset alueet Satamat ja venepaikat Yksityistiet Palaute tien kunnosta tai hoidosta Esteettömyys Haitallisten vieraslajien hävittäminen Kiinteistöjen hoito ja puhtaus Kiinteistöjen hoito Puhtauspalvelut Joroisten Vesi Mittarilukeman ilmoitus ja las"
"joutsa","https://www.joutsa.fi/","https://www.joutsa.fi/asuminen-ja-ymparisto/liikenne/","200","Liikenne - Joutsan kunta","asiointiliikenne","85","15","Liikenne - Joutsan kunta Siirry sisältöön Joutsa Kotisivu Asuminen ja ympäristö Asuminen Vapaa-ajan asuminen Asumisen tarinoita Vuokra-asunnot Ympäristö ja luonto Ympäristövalvonta, ympäristö- ja maa-ainesluvat Rakennusvalvonta Kaavoitus Tontit Ympäristöterveydenhuolto Vesihuolto Jätehuolto Pelastuslaitos ja nuohous Liikenne Hyvinvointi ja terveys Hyvinvoinnin edistäminen Terveys- ja sosiaalipalvelut (hyvaks.fi) Lasten ja perheiden palvelut Miele"
"juuka","https://www.juuka.fi/","","","","","","16",""
"juupajoki","https://juupajoki.fi/","https://juupajoki.fi/hallinto-ja-paatoksenteko/tietoa-juupajoesta/liikenneyhteydet/","200","Liikenneyhteydet ja asiointiliikenne - Juupajoen kunta","asiointiliikenne","85","14","Liikenneyhteydet ja asiointiliikenne - Juupajoen kunta Siirry sisältöön Etusivu Visit Juupajoki Yhteystiedot In English Hakusanat Hae Asuminen ja ympäristö Asuminen Vesihuoltolaitos Rakentaminen Tontit Kaavoitus Tiet ja yleiset alueet Ympäristönsuojelu Eläinlääkäri ja ympäristö­terveydenhuolto Vapaa-aika ja hyvinvointi Kirjasto Terveys ja hyvinvointi Liikuntapalvelut Nuorisopalvelut Kulttuuripalvelut Yhdistys- ja järjestöyhteistyö Juupajoki, meid"
"juva","https://www.juva.fi/","https://www.juva.fi/joukkoliikenne","200","Linja-autovuorot Juvan kunta - Juvan kunta","asiointiliikenne","85","15","Linja-autovuorot Juvan kunta - Juvan kunta Suoraan sisältöön Hae sivulta Hae A A A Yhteystiedot | Ehdota ideaa Etusivu Etusivu Ajassa nyt Asuminen ja ympäristö Asuminen ja ympäristö Kaavoitus ja tontit Kaavoitus ja tontit Myytävät tontit Maankäyttökatsaus Kaavat nähtävillä Rakentaminen Rakentaminen Rakennusjärjestys Rakennusluvat Sähköinen lupakäsittely Rakennusvalvonnan taksa Vuokra-asunnot Ympäristö ja luonto Ympäristö ja luonto Puistot ja leik"
"jyväskylä","https://www.jyvaskyla.fi/","https://www.jyvaskyla.fi/asuminen-rakentaminen-ja-liikenne/kadut-ja-liikenne/joukko-ja-palveluliikenne","200","Joukko- ja palveluliikenne | Jyväskylä.fi","palveluliikenne; asiointiliikenne","135","31","Joukko- ja palveluliikenne | Jyväskylä.fi Hyppää pääsisältöön Etsi Etsi Jyväskylän kaupungin sivuilta Etsi Avaa valikko Sulje valikko Valikko Päävalikko FI Kaupunkiluontosuunnitelma Asuminen, rakentaminen ja liikenne Avaa alavalikko Sulje alavalikko Asuminen Asumisen neuvonta Asuinalueet Asunnot Lemmikkien Jyväskylä Rakentaminen Rakennusvalvonta Tontit Kadut ja liikenne Pysäköinti Kaupunkisuunnittelu Avaa alavalikko Sulje alavalikko Yleiskaavoitu"
"jämijärvi","https://jamijarvi.fi/","","","","","","14",""
"jämsä","https://www.jamsa.fi/","","","","","","17",""
"järvenpää","https://www.jarvenpaa.fi/","https://www.jarvenpaa.fi/a/jarvenpaan-kaupungin-palveluliikenne-palvelee-arkisin-ja-lauantaisin","200","Järvenpään kaupungin palveluliikenne palvelee arkisin ja lauantaisin | Järvenpää","palveluliikenne; palvelubussi","115","21","Järvenpään kaupungin palveluliikenne palvelee arkisin ja lauantaisin | Järvenpää Hyppää sisältöön HAE HAE fi MENU Takaisin listaukseen Kuuntele Järvenpään kaupungin palveluliikenne palvelee arkisin ja lauantaisin 28.03.2022 — Kadut ja liikenne Palvelulinjat ovat reittipohjaisia, mutta soittamalla palvelulinjan numeroon voidaan kuskin kanssa sopia pienistä poikkeamista reitteihin . Palveluliikenteessä on käytössä arkisin klo 9–15 kaksi palvelubuss"
"kaarina","https://kaarina.fi/","","","","","","14",""
"kaavi","https://kaavi.fi/","","","","","","14",""
"kajaani","https://www.kajaani.fi/","https://kajaaninjoukkoliikenne.fi/","200","Kajaanin joukkoliikenne","palveluliikenne","95","20","Kajaanin joukkoliikenne Hyppää sisältöön Etusivu Lataa matkakortti Waltti.fi-reittiopas Asiakaspalvelu Syötä hakusanat Hae Valitsemillasi hakusanoilla ei löytynyt tuloksia Haetaan Näytä kaikki hakutulokset Tulosta löydetty Valitsemillasi hakusanoilla ei löytynyt tuloksia Etsitkö aikatauluja? Katso reittiopas Valikko Reitti ja aikataulut Liput ja hinnat Palveluliikenne Pikku-Pete Ohjeita ja tietoja Siirry osioon Ohjeita ja tietoja Usein kysytyt ky"
"kangasala","https://www.kangasala.fi/","https://www.kangasala.fi/asu-hyvin/liikenne-kadut-ja-viheralueet/palvelu-ja-joukkoliikenne/","200","Palvelu- ja joukkoliikenne - Kangasala","palveluliikenne; asiointiliikenne; palvelubussi","155","16","Palvelu- ja joukkoliikenne - Kangasala Hyppää sisältöön Ajankohtaista Asiointi Yhteystiedot Kartat Anna palautetta Kieli Suomi --> Vaihda kieli Hyväksy markkinoinnin evästeet nähdäksesi käännökset. Evästeasetukset Hae Valikko Sulje Suomi --> Tutustu ja asioi Tutustu ja asioi Avaa alavalikko Takaisin Sulje alavalikko Tutustu ja asioi Täältä löydät tiedon Kangasalan päätöksenteosta ja asioinnista. Asiointi Tutustu kaupunkiin Organisaatio ja talous "
"kangasniemi","https://www.kangasniemi.fi/","","","","","","16",""
"kankaanpää","https://www.kankaanpaa.fi/","https://www.kankaanpaa.fi/kaupunki-ja-hallinto/kankaanpaa-info/liikenneyhteydet/","200","Liikenneyhteydet - Kankaanpään kaupunki","kutsuliikenne; kutsutaksi","85","22","Liikenneyhteydet - Kankaanpään kaupunki -- End of the comment --> This website uses Google Translate Oikopolut Oikopolut Etusivu Häiriöviestintä Ajankohtaista Tapahtumat Sähköinen kokous Palautekanavat Yhteystiedot Haku Valikko Valikko Asuminen ja ympäristö Asuminen Asuinalueet Kylät Vuokra-asunnot Korjausavustukset Liittymät Palo- ja pelastustoiminta Koti Kankaanpäästä Jätehuolto Jätehuoltomääräykset Asunnot ja vapaa-ajan asunnot Vähintään 5 asu"
"kannonkoski","https://kannonkoski.fi/","","","","","","14",""
"kannus","https://kannus.fi/","","","","","","14",""
"karijoki","https://karijoki.fi/","","","","","","14",""
"karkkila","https://www.karkkila.fi/","https://karkkila.fi/asuminen-ja-ymparisto/joukkoliikenne/","200","Joukkoliikenne - Karkkilan kaupunki","asiointiliikenne","85","23","Joukkoliikenne - Karkkilan kaupunki Skip to content Siirry suoraan sisältöön Asuminen ja ympäristö Asumisen palvelut Vesihuolto Ruokapalvelut Vuokra-asunnot Tilapalvelu Muut asumisen palvelut Omakotitalotontit Rakentajan Raksabonus Joukkoliikenne Höökikyyti TOPI- Karkkilan juna Sähköpyörät Reittioppaat Länsi-Uusimaalippu Karkkila-lippu HSL-kehyskuntalippu Rakennusvalvonta Lupamenettely Rakentamisen luvat Rakentaminen ilman rakentamislupaa Rakennu"
"karstula","https://karstula.fi/","https://karstula.fi/asuminen-ja-ymparisto/kunnallistekniikka/katujen-ja-yleisten-alueiden-kunnossapito/liikenneturvallisuus/","200","Liikenneturvallisuus &#8211; Karstula","asiointiliikenne","85","14","Liikenneturvallisuus &#8211; Karstula Sulje valikko Muuta Karstulaan Uudisasukkaan asumistuki Asuminen ja ympäristö Kunnallistekniikka Kadut ja yleiset alueet Liikenneturvallisuus Kaavatiet Yksityistiet Vesi- ja viemärilaitos Ilmoita vesimittarin lukema Jätehuolto Sähkönjakelu Karstulan Lämpöverkko Oy Valokuitu Sähköautojen lataus Asuminen ja tontit Vuokra-asunnot Myytävät tontit Tontit yrityksille Rakentaminen Rakennusvalvonta Luvat ja ilmoituks"
"karvia","https://karvia.fi/","","","","","","15",""
"kaskinen","https://kaskinen.fi/","","","","","","14",""
"kauhajoki","https://kauhajoki.fi/","https://kauhajoki.fi/tyo-ja-yrittajyys/liikenne/","200","Liikenne - Kauhajoen kaupunki","asiointiliikenne","85","17","Liikenne - Kauhajoen kaupunki Siirry sisältöön Haku Yhteystiedot Asiointi Päätöksenteko Tekstikoko A A Kontrasti Hae sivustolta Päävalikko Hae sivustolta Etusivu Asuminen ja ympäristö Kartat ja paikkatieto Rakennusvalvonta Rakentamislaki 2025 Syventävää tietoa Lupa-asiat, lomakkeet Kaavoitus Vireillä olevat kaavat Voimassa olevat kaavat Kaavoituskatsaus Suunnittelutarve haja-asutusalueella Maankäytön sanastoa Ympäristöpalvelut Ympäristöterveysval"
"kauhava","https://www.kauhava.fi","https://kauhava.fi/asuminen-ja-ymparisto/tiet-ja-liikenne/palveluliikenne/","200","Palveluliikenne - Kauhava","palveluliikenne","95","15","Palveluliikenne - Kauhava Siirry sisältöön Matkailijalle Yrittäjille Etusivu Oikopolut Yhteystiedot Kielet English Haku Hae hakutermillä Hae Asuminen ja ympäristö Asuminen Kauhavan kaupungin kiinteistö-, ruoka- ja puhtauspalvelut Rakentaminen ja tontit Kaavoitus Kartat ja paikkatieto Puistot ja metsät Tiet ja liikenne Ympäristönsuojelu Löytöeläimet Eläinlääkärit ja terveystarkastajat Kasvatus ja opetus Varhaiskasvatus ja esiopetus Perusopetus Luk"
"kauniainen","https://www.kauniainen.fi/","","","","","","16",""
"kaustinen","https://kaustinen.fi/","","","","","","14",""
"keitele","https://www.keitele.fi/","https://keitele.fi/asuminen-ja-ymparisto/liikenneyhteydet/asiointiliikenne/","200","Asiointiliikenne - Keitele","asiointiliikenne; kutsutaksi","105","15","Asiointiliikenne - Keitele Siirry sisältöön Kielet English Oikopolut VisitKeitele Palaute kuntaan Yhteystiedot Etusivu Hae hakutermillä Hae Hae hakutermillä Hae Asuminen ja ympäristö Asuminen Kaavoitus ja maankäyttö Liikenneyhteydet Rakentaminen, luvat ja valvonta Vesihuolto ja jätevesi Ympäristö Vuokrattavat tilat ja saunat Siirryt toiseen palveluun Kiinteistöpäivystys ja vesilaitospäivystys Elinvoima ja yrittäminen Etätyötilat Maaseutu- ja lomi"
"kemi","https://www.kemi.fi/","","","","","","19",""
"kemijärvi","https://kemijarvi.fi/","https://kemijarvi.fi/asuminen-ja-ymparisto/liikennepalvelut/","200","Liikennepalvelut - Kemijärvi","palveluliikenne; asiointiliikenne; kutsutaksi","155","14","Liikennepalvelut - Kemijärvi Avaa valikko Sulje valikko Etusivu Asuminen ja ympäristö Avaa alavalikko Sulje alavalikko Kaupungin kiinteistöt Liikennepalvelut Avaa alavalikko Sulje alavalikko Palaute Asuminen Avaa alavalikko Sulje alavalikko Kemijärven Energia ja Vesi Oy Ruokapalvelut Vapaa-ajan asukkaat Palvelut maahanmuuttajille Kemijärven kaupungin vuokratalot Avaa alavalikko Sulje alavalikko Ajankohtaista Asunnon hakeminen Avaa alavalikko Sulj"
"keminmaa","https://www.keminmaa.fi/","","","","","","16",""
"kemiönsaari","https://en.kimitoon.fi/","","","","","","14",""
"kempele","https://www.kempele.fi/","","","","","","16",""
"kerava","https://www.kerava.fi","","","","","","14",""
"keuruu","https://www.keuruu.fi/","https://keuruu.fi/asuminen-ja-ymparisto/keuruun-kaupungin-palveluliikenne/","200","Keuruun kaupungin palveluliikenne - Keuruu","palveluliikenne; asiointiliikenne","135","15","Keuruun kaupungin palveluliikenne - Keuruu Siirry sisältöön Etusivu Kielet English Oikopolut Ajankohtaista Kokoukset Yhteystiedot Hakusanat Hae Hakusanat Hae Asuminen ja ympäristö Asuminen Tontit ja rakentaminen Kaavoitus Kadut ja yleiset alueet Vesihuolto Ympäristöterveys ja eläimet Ympäristönsuojelu Kasvatus ja koulutus Varhaiskasvatus Esiopetus Perusopetus Keuruun yhteiskoulun lukio Kansalaisopisto Läntisen Keski-Suomen musiikkiopisto Ammatill"
"kinnula","https://www.kinnula.fi/","","","","","","14",""
"kirkkonummi","https://www.kyrkslatt.fi/","","","","","","14",""
"kitee","https://www.kitee.fi/","https://www.kitee.fi/joukkoliikenne","200","Joukkoliikenne - kitee.fi","asiointiliikenne","85","15","Joukkoliikenne - kitee.fi Hyppää sisältöön SULJE VALIKKO FI EN RU Etusivu Asuminen ja ympäristö Asuminen Rakennusvalvonta Tontit ja kaavoitus Liikenne Joukkoliikenne Koulukuljetukset Tiet ja kadut Venepaikat ja satamat Kiteen keskustan kiertoliittymän katusuunnitelma Liikenneturvallisuus Ympäristönsuojelu Kiinteistönhoito Uusi asukas Yrittäjyys ja työelämä Hyvinvointi ja terveys Koulutus Varhaiskasvatus Terveys- ja sosiaalipalvelut Kotoutumispalv"
"kittilä","https://kittila.fi/","https://kittila.fi/asuminen-ja-ymparisto/liikenne/tyomatka-ja-asiointiliikenne-kittilassa","200","Työmatka- ja asiointiliikenne Kittilässä | Kittilä","palveluliikenne; asiointiliikenne; kutsutaksi","155","16","Työmatka- ja asiointiliikenne Kittilässä | Kittilä Hyppää pääsisältöön Suomeksi In English Ikäihmiset Lapsiperheet Matkailijat Nuoret Uudet asukkaat Yritykset VERKKOKAUPPA TAPAHTUMAT Suomeksi In English Hae Päävalikko Asuminen ja ympäristö Asuminen ja ympäristö Avaa sivu Asuminen ja ympäristö Kittilän ilmastosuunnitelma Ilmastosuunnitelman seuranta Kittilän karttapalvelu Rakennusvalvonta Asiointi ja yhteystiedot Rakennuslupa ja neuvontapyynnöt Aj"
"kiuruvesi","https://www.kiuruvesi.fi/","","","","","","14",""
"kivijärvi","https://www.kivijarvi.fi/","","","","","","14",""
"kokemäki","https://kokemaki.fi/","","","","","","14",""
"kokkola","https://www.kokkola.fi/","https://www.kokkola.fi/asuminen-ja-ymparisto/kadut-ja-liikenne/joukkoliikenne/","200","Kaupunkiliikenne BYSSE, joukko- ja palveluliikenne - Kokkola","palveluliikenne; asiointiliikenne","135","16","Kaupunkiliikenne BYSSE, joukko- ja palveluliikenne - Kokkola Hyppää sisältöön Verkkokauppa Visit Kokkola Tapahtumat Asioi verkossa Yhteystiedot Vaihda kieli: fi Sivuston kieleksi on valittuna suomi. sv Ställ in svenska som sidans språk. en Set English as the language of the page. kirjoita hakusanat Hae Annetuilla ehdoilla ei löytynyt hakutuloksia Haetaan Näytä kaikki tulokset Tulosta löydetty Annetuilla ehdoilla ei löytynyt hakutuloksia Etsitkö y"
"konnevesi","https://konnevesi.fi/","","","","","","14",""
"kontiolahti","https://www.kontiolahti.fi/","https://www.kontiolahti.fi/asuminen-ja-ymparisto/asuinymparisto-ja-liikenne/asiointiliikenne/","200","Asiointiliikenne - Kontiolahden kunta","asiointiliikenne; kutsujoukkoliikenne","105","16","Asiointiliikenne - Kontiolahden kunta Siirry sisältöön Kontiolahti - Etusivu Oikopolut Yhteystiedot Kontiolahden verkkokauppa (siirryt toiseen palveluun, avautuu uuteen ikkunaan) Hae hakutermillä Hae Hae hakutermillä Hae Asuminen ja ympäristö Tontit ja rakentaminen Kaavoitus Asuinympäristö ja liikenne Vuokra-asunnot Jätehuolto Vesihuolto Hulevesi Kaukolämpö Kiinteistöt Ympäristöasiat Kontiolahden ilmastotyö Paikkatieto Kylät ja maaseutu Kiinteist"
"korsnäs","https://www.korsnas.fi/","","","","","","14",""
"koski tl","https://koski.fi/","","","","","","15",""
"kotka","https://www.kotka.fi/","","","","","","25",""
"kouvola","https://www.kouvola.fi/","https://www.kouvola.fi/asuminen-ja-ymparisto/kadut-ja-liikenne/joukkoliikenne/","200","Koutsi – Kouvolan joukkoliikenne - Kouvolan kaupunki","palveluliikenne","95","54","Koutsi – Kouvolan joukkoliikenne - Kouvolan kaupunki Käytät vanhentunutta selainta. Ole hyvä ja päivitä selaimesi parantaaksesi käyttökokemustasi. Siirry suoraan sisältöön Kouvola.fi - Etusivulle Asiointi Palaute Yhteystiedot Kartta Verkkosivupalaute fi , Siirry suomenkieliselle sivustolle en , Go to the English site ru , Перейти на русскоязычную версию сайта Hae: Hae: fi , Siirry suomenkieliselle sivustolle en , Go to the English site ru , Перей"
"kristiinankaupunki","https://www.kristinestad.fi/","","","","","","14",""
"kruunupyy","https://www.kronoby.fi/","","","","","","14",""
"kuhmo","https://www.kuhmo.fi/","","","","","","15",""
"kuhmoinen","https://www.kuhmoinen.fi/","","","","","","14",""
"kumlinge","https://www.kumlinge.ax/","","","","","","14",""
"kuopio","https://www.kuopio.fi/","","","","","","14",""
"kuortane","https://kuortane.fi/","https://kuortane.fi/sosiaali-ja-terveyspalvelut/kuortaneen-asiointiliikenne/","200","Kuortaneen asiointiliikenne | Kuortane","asiointiliikenne","85","16","Kuortaneen asiointiliikenne | Kuortane --> Kuortane ELÄMISEN HEHKUA Kuntalaiselle Ajankohtaista Kuortaneella Aktiviteetit Asiointipiste Asuminen Avoimet työpaikat Hallinto ja päätöksenteko Kestävät kunnat Kiinteistöjen palvelupyynnöt Kirjastopalvelut Kotoutumispalvelut Kunnan vuokrattavat tilat Kuortane-tuotteet Lomakkeet Nuorisopalvelut Opetus ja koulutus Rakentaminen ja ympäristö Sosiaali- ja terveyspalvelut Tilapalvelut Työllisyyspalvelut Vapa"
"kurikka","https://kurikka.fi/","https://kurikka.fi/kaupunki-ja-hallinto/asiointi-ja-palvelut/palveluliikenne/","200","Palveluliikenne – Kurikka","palveluliikenne; asiointiliikenne; palvelubussi","155","19","Palveluliikenne – Kurikka Siirry sisältöön Asiointi Yhteystiedot Etusivulle Asuminen ja ympäristö ▼ Vesi, jäte, lämpö, sähkö ▼ Kurikan Vesihuolto Oy Jätehuolto ▼ Lakeuden Etappi Oy Kurikan Energia Oy (ent. Kurikan Kaukolämpö Oy) Sähkönjakeluyhtiö alueella Caruna Asuminen ▼ Kyläyhdistykset ja kaupunginosaseurat Vuokra-asunnot Matonpesupaikat Ympäristövalvonta ▼ Vesiensuojelu Jätehuollon valvonta Luvat ja ilmoitukset ▼ Maastoliikenne- ja vesiliiken"
"kustavi","https://kustavi.fi/","","","","","","14",""
"kuusamo","https://www.kuusamo.fi/","","","","","","14",""
"kyyjärvi","https://www.kyyjarvi.fi/","","","","","","14",""
"kärkölä","https://www.karkola.fi","https://karkola.fi/2025/06/27/omppukyyti-palveluliikenne/","200","Omppukyyti-palveluliikenne - Kärkölä","palveluliikenne","95","16","Omppukyyti-palveluliikenne - Kärkölä Ajankohtaista Palaute Palvelut Asuminen ja rakentaminen Avaimet käteen -omakotitalot Energia Jätehuolto Kaavoituspalvelut Korjaus- ja energia-avustukset Rakennusvalvonta Tontit Unelmakoti maalla -tapahtuma 22.8.2026 Vuokra-asunnot Elinvoima Hankintaneuvonta LADEC yrityspalvelut Maa- ja metsätalousyrittäjät MAL-toimenpidesivusto Yritys- ja palveluhakemisto Hyvinvoinnin edistäminen Ehkäisevä työ Lapsiperhepalvel"
"kärsämäki","https://karsamaki.fi/","https://karsamaki.fi/julkaisut/palveluliikenne/","200","Palveluliikenne ilmoittaa","palveluliikenne; palvelubussi","115","15","Palveluliikenne ilmoittaa Positiivisten tarinoiden pitäjä Visitkärsämäki.fi | Lomakkeet | Yhteystiedot | Etusivu Sosiaali &#038; terveys Muutosvoima-hanke Virkeästi arjessa-hanke Asuminen &#038; rakentaminen Muuttajan palvelupaketti Vuokra-asunnot Tontit, kartat ja kaavoitus Tekninen toimi ja -lautakunta Rakennus- ja ympäristövalvonta Vesi-, jätehuolto ja sähkö Pelastustoimi Koulutus &#038; varhaiskasvatus Varhaiskasvatus Esiopetus Perusopetus Lu"
"kökar","https://www.kokar.ax/","","","","","","14",""
"lahti","https://www.lahti.fi/","","","","","","41",""
"laihia","https://laihia.fi/","","","","","","14",""
"laitila","https://www.laitila.fi/","https://www.laitila.fi/asiointiliikenne/","200","Asiointiliikenne - Laitila","asiointiliikenne","85","15","Asiointiliikenne - Laitila Siirry sisältöön Etusivu In English Українська E-Laitila Hakusanat Hae Hae Asuminen ja ympäristö Asuminen ja ympäristö Asuminen Kaavoitus Kadut, liikenne ja puistot Kierrätyskeskus Rakentaminen, tontit ja pellonvuokraus Vesihuolto Mittauspalvelut Ympäristö ja luonto Kasvatus, koulutus ja nuorisotyö Kasvatus, koulutus ja nuorisotyö Ruokapalvelut Laitilan lukio Varhaiskasvatus ja esiopetus Perusopetus Toisen asteen koulut"
"lapinjärvi","https://lapinjarvi.fi/","https://lapinjarvi.fi/kutsutaksi-vie-suoraan-pysakille/","200","Kutsutaksi vie suoraan pysäkille - Lapinjärvi.fi","kutsutaksi","65","18","Kutsutaksi vie suoraan pysäkille - Lapinjärvi.fi Siirry sisältöön Hae verkkosivustosta sv fi Svenska Suomi Valikko Asioi ja vaikuta Asuminen ja ympäristö Hyvinvointi Kulttuuri ja vapaa-aika Päätöksenteko Tietoa ja yhteystiedot Työ ja elinkeino Varhaiskasvatus – ja opetuspalvelut Etusivu / Uncategorized / Kutsutaksi vie suoraan pysäkille Kutsutaksi vie suoraan pysäkille Kutsutaksi vie suoraan pysäkille Kutsutaksi vie suoraan pysäkille 16.9.2020 25"
"lappajärvi","https://lappajarvi.fi/","https://lappajarvi.fi/asuminen-ja-ymparisto/liikenne-ja-kartat/","200","Lappajärvi - - Liikenne ja kartat","palveluliikenne","95","14","Lappajärvi - - Liikenne ja kartat Siirry sisältöön Kunta ja päätöksenteko Hallinto ja palvelut Tietopalvelumme Ohjeet ja säännöt Taksat Strategia ja talous Henkilöstö ja luottamuselimet Tietosuoja ja saavutettavuus Asiakirjajulkisuuskuvaus Sidonnaisuudet Kunnanjohtajan sivu Laki, oikeus ja turvallisuus Edunvalvonta Maahanmuutto Pelastustoimi Talous- ja velkaneuvonta Yleinen oikeusapu Kuluttajansuoja Osallistu ja vaikuta Miten osallistun ja vaikut"
"lappeenranta","https://lappeenranta.fi/","https://lappeenranta.fi/fi/liikenne-ja-kaupunkiymparisto/joukkoliikenne-ja-muut-liikkumispalvelut/lappeenrannan-seudun-joukkoliikenne/reitit-ja-aikataulut","200","Reitit ja aikataulut - Lappeenranta","palveluliikenne; kutsutaksi; palvelubussi","135","62","Reitit ja aikataulut - Lappeenranta Suosikit Siirry pääsisältöön Valikko English suomi Etusivu Ajankohtaista Asuminen ja rakentaminen Open/Close Asumisen palvelut Open/Close Etel&#xE4;-Karjalan energianeuvonta Open/Close L&#xE4;mp&#xF6;kameran lainaus Taloyhti&#xF6;iden ryhm&#xE4;hankinnat Polttopuukauppa Viljelypalstojen vuokraus Maanvuokralaisen laskutustietojen muutosilmoitus Asuintontin hankinta Open/Close Asuintonttien luovutukseen liittyv&#"
"lapua","https://lapua.fi/","https://lapua.fi/asiointiliikenne/","200","Asiointiliikenne - Lapuan kaupunki","asiointiliikenne","85","16","Asiointiliikenne - Lapuan kaupunki Skip to content Info Palaute Kartat Yhteystiedot sv de en Kontrasti Tekstin koko A Text size smaller A Text size bigger Hae sivustolta form > .textfield').val() == '') { jQuery('#searchform-ad333746a861').removeClass('search-visible'); return false; }""> Search Toggle search Hae sivustolta form > input').val() == '') { jQuery('.topbar-container').removeClass('search-visible'); return false; }""> Search MENU MENU A"
"laukaa","https://www.laukaa.fi/","","","","","","14",""
"lemi","https://lemi.fi/","","","","","","14",""
"lemland","https://www.lemland.ax/","","","","","","14",""
"lempäälä","https://www.lempaala.fi/","https://www.lempaala.fi/tiedotteet/lempaalanpalveluliikenne/","200","Lempäälän palveluliikenne – kesäajan aikataulut ja kilpailutuksen lopputulos - Lempäälä","palveluliikenne; palvelubussi","115","22","Lempäälän palveluliikenne – kesäajan aikataulut ja kilpailutuksen lopputulos - Lempäälä Siirry sisältöön Palaute Yhteystiedot Tilavaraukset Briefly in English Asuntomessut Lempäälä 2026 Visit Lempäälä Asuminen ja ympäristö Asuminen ja tontit Asumisoikeusasunnot Energiahuolto Sähkö Kaukolämpö, kaukokylmä ja kaasu Kiinteistöhuolto Matonpesupaikat Muutto Lempäälään Tontit Vesi- ja jätehuolto Kiinteistökohtainen vesihuolto Vuokra-asunnot Kaavoitus ja"
"leppävirta","https://leppavirta.fi/","https://leppavirta.fi/asuminen-ja-ymparisto/liikenne/joukkoliikenne/","200","Joukkoliikenne - Leppävirta","palveluliikenne; asiointiliikenne","135","16","Joukkoliikenne - Leppävirta Siirry sisältöön Hae Yhteystiedot Tapahtumakalenteri Kartat EN Asuminen ja ympäristö Asuminen ja ympäristö Submenu: Asuminen ja &lt;br&gt;ympäristö Rakentaminen ja tontit Alavalikko: Rakentaminen ja tontit Rakennusvalvonta Kaavoitus ja maankäyttö Vapaat tontit Asuminen Alavalikko: Asuminen Keski-Savon ympäristötoimi Jätehuolto Kylät Löytöeläimet Liikenne Alavalikko: Liikenne Joukkoliikenne Liikenneturvallisuus Katujen "
"lestijärvi","https://lestijarvi.fi/","","","","","","14",""
"lieksa","https://www.lieksa.fi/","","","","","","21",""
"lieto","https://lieto.fi/","","","","","","20",""
"liminka","https://www.liminka.fi/","","","","","","19",""
"liperi","https://www.liperi.fi/","","","","","","17",""
"lohja","https://www.lohja.fi/","https://www.lohja.fi/asuminen-ja-ymparisto/kadut-ja-liikenne/joukkoliikenne/","200","Joukkoliikenne - Lohja","palveluliikenne; kutsuliikenne","115","56","Joukkoliikenne - Lohja Käytössäsi on vanhentunut selain. Ole hyvä ja päivitä selaimesi parantaaksesi käyttäjäkokemusta. Sirry sisältöön Lohja Varhais­kasvatus ja opetus Varhaiskasvatus ja esiopetus Varhaiskasvatus Esiopetus Sähköiset palvelut – eAsiointi Opetus ja koulutus Esiopetus Perusopetus Lukio Toisen asteen ammatillinen koulutus Korkea-asteen koulutus Kansalaisopistot ja taiteen perusopetuksen järjestäjät Koulujen rakennus­hankkeet Sisäilm"
"loimaa","https://www.loimaa.fi/","","","","","","14",""
"loppi","https://www.loppi.fi/","","","","","","14",""
"loviisa","https://www.loviisa.fi/","https://www.loviisa.fi/tiedotteet/kylakyyti-starttaa-tammikuun-puolessa-valissa/","200","Kyläkyyti starttaa tammikuun puolessa välissä - Loviisan kaupunki","kyläkyyti","65","31","Kyläkyyti starttaa tammikuun puolessa välissä - Loviisan kaupunki Käytät &lt;strong&gt;vanhentunutta&lt;/strong&gt; selainta. Ole ystävällinen ja &lt;a href=”http://browsehappy.com/”&gt;päivitä selaimesi&lt;/a&gt; parantaaksesi kokemustasi. Hyppää sisältöön fi sv en Hae: Palaute Ajankohtaista Kartat Yhteystiedot Asuminen ja ympäristö Asuminen ja tontit Asuntomessut Loviisassa 2023 Loviisan kylät Asu paremmin Tontit ja kiinteistöt Vuokra-asunnot A"
"luhanka","https://www.luhanka.fi/","https://www.luhanka.fi/liikenne/","200","Liikenne &#8211; Luhanka","asiointiliikenne; asiointikyyti","105","15","Liikenne &#8211; Luhanka Skip to content Kunta Kuntainfo Strategia ja visio Tilastot Asiakirjajulkisuuskuvaus ja tietosuoja Asiointi Osallistu ja vaikuta Laskutus ja maksaminen Lomakkeet ja hakemukset Arkisto ja kirjaamo Kunnan vuokrattavat tilat Saavutettavuus Organisaatio Yhteystiedot Päätöksenteko Kunnanvaltuusto 2025-2029 Kunnanhallitus 2025-2029 Lautakunnat Esityslistat ja pöytäkirjat Viranhaltijapäätökset Säännöt ja ohjeet Sidonnaisuudet Ku"
"lumijoki","https://www.lumijoki.fi/","","","","","","15",""
"lumparland","https://www.lumparland.ax/","","","","","","14",""
"luoto","https://larsmo.fi/","","","","","","15",""
"maalahti","https://www.malax.fi/","","","","","","14",""
"maarianhamina","https://www.mariehamn.ax/fi","","","","","","14",""
"marttila","https://marttila.fi/","","","","","","14",""
"masku","https://www.masku.fi/","https://masku.fi/joukko-ja-palveluliikenne","200","Joukko- ja palveluliikenne? - Masku","palveluliikenne","95","16","Joukko- ja palveluliikenne? - Masku Siirry sisältöön Yhteystiedot Ajankohtaista Haku Päävalikko Haku Etusivu Asuminen ja ympäristö Asuminen Vuokra-asuminen Kiinteistöjen kunnossapito Nuohous, kemikaalivalvonta ja pelastustoimi Turvallisuus ja varautuminen Matonpesupaikat Maskussa Tontit Omakotitontit Rivi- ja kerrostalotontit Yritystontit Liittymät ja lohkominen Kaavoitus ja maankäyttö Nähtävillä olevat kaavat Hyväksytyt kaavat Kartat ja paikkati"
"merijärvi","https://www.merijarvi.fi/","","","","","","14",""
"merikarvia","https://merikarvia.fi/","","","","","","14",""
"miehikkälä","https://www.miehikkala.fi/","https://www.miehikkala.fi/palvelut/muut-palvelut/joukkoliikenne/","200","Joukkoliikenne - Miehikkälän kunta","palveluliikenne","95","17","Joukkoliikenne - Miehikkälän kunta Miehikkälän kunta Keskustie 4 A, 49700 Miehikkälä, puh. 040 1991 941 miehikkala@miehikkala.fi Yhteystiedot A+ a- Etusivu Yhteystiedot Palaute Saavutettavuus ja tietosuoja Avaa valikko Miehikkälä-info Tietoa kunnasta Historia Kylät Saivikkala (Miehikkälän kk) Hauhia Hurttala-Tylli Muurikkala-Kaitai-Laisniemi Muurola Pitkäkoski Salo-Miehikkälä Suur-Miehikkälä-Lapjärvi-Purho Väestö Strategiat ja ohjelmat Kunnan ilm"
"mikkeli","https://mikkeli.fi/","https://mikkeli.fi/category/joukkoliikenne/","200","Joukkoliikenne &#8211; Mikkeli","palveluliikenne","95","41","Joukkoliikenne &#8211; Mikkeli Siirry sisältöön Etsi sivustolta Hae fi fi sv en Kuuntele Mikkeli Asuminen ja ympäristö Kasvatus ja koulutus Kulttuuri ja vapaa-aika Työ ja yrittäminen Tietoa Mikkelistä Päätöksenteko Ota yhteyttä Asuminen ja ympäristö Kasvatus ja koulutus Kulttuuri ja vapaa-aika Työ ja yrittäminen Tietoa Mikkelistä Päätöksenteko Ota yhteyttä fi fi sv en Etusivu &raquo; Arkisto ""Joukkoliikenne"" Kategoria: Joukkoliikenne 26.5.2026 - "
"muhos","https://muhos.fi/","","","","","","15",""
"multia","https://multia.fi/","","","","","","14",""
"muonio","https://www.muonio.fi/","https://www.muonio.fi/asuminen-ja-ymparisto/joukkoliikenne.html","200","Joukkoliikenne - Muonion kunta","asiointiliikenne; kutsuliikenne","105","15","--> --> Joukkoliikenne - Muonion kunta Etusivulle Hae yhteystietojaValitse toimialaHakusanaPoista valinnat Hyvinvointipalvelut Yhteystiedot Ilmoitukset Uutiset Tapahtumat Etusivu Asuminen ja ympäristö Asuminen ja ympäristö Asuminen Luonto ja ympäristö Myytävät tontit Kiinteistöjen palvelupyynnöt Kaavoitus ja maankäyttö Rakennusvalvonta Joukkoliikenne Eläimet Ympäristöterveydenhuolto Turvallisuus Työ ja yrittäminen Työ ja yrittäminen Elokuva- ja t"
"mustasaari","https://korsholm.fi/","","","","","","14",""
"muurame","https://www.muurame.fi/","https://www.muurame.fi/palvelut/liikenne/","200","Liikenne - Muurame","palveluliikenne","95","16","Liikenne - Muurame Sosiaali- ja terveyspalvelut Yhteystiedot Karttapalvelu Anna palautetta Palvelut Asuminen ja ympäristö Asumisoikeusasunnot Kunnan kiinteistöt Myytävät kunnan kiinteistöt Liikenne Mittauspalvelut Muuramen vuokra-asunnot Kadut ja tiet Yksityistiet Liikenneturvallisuus Muuramessa Kunnallistekniikan suunnittelu Ajoneuvojen siirtäminen Jätehuolto Lietehuolto Nuohous Palo- ja pelastustoimi Metsien hoito Varautuminen Luonnonsuojelu Su"
"mynämäki","https://www.mynamaki.fi/","https://www.mynamaki.fi/asuminen-ja-ymparisto/liikenne/joukkoliikenne/","200","Joukkoliikenne | Mynämäki","kutsutaksi","65","15","Joukkoliikenne | Mynämäki Siirry sisältöön You are using an outdated browser. Please upgrade your browser to improve your experience. Asuminen ja ympäristö + Asuminen ja tontit + Vuokra-asunnot Korjausavustukset Jätehuolto + Jätepisteet Palo- ja pelastus + Nuohous Palotarkastus Tekniset palvelut + Tilalaitos + Puhtaanapito Ruokapalvelut Vesihuolto + Vesihuollon tietopaketti kiinteistön omistajalle Vesihuollon hinnasto Vesilaskutus Vesimittariluke"
"myrskylä","https://myrskyla.fi/","https://myrskyla.fi/palvelut/joukkoliikenne/","200","Joukkoliikenne Porvooseen ja Orimattilaan | Myrskylän kunta","palveluliikenne","95","15","Joukkoliikenne Porvooseen ja Orimattilaan | Myrskylän kunta FI SV VALIKKO SULJE Etusivu Myrskylä Ajankohtaista Avoimet työpaikat Nähtävyydet Hallinto Asiakirjajulkisuuskuvaus Asiakirjat, maksut ja säännöt Julkiset hankinnat Kuntalaisaloite Kuntastrategia Kuulutukset ja lakisääteiset ilmoitukset Organisaatio ja johtaminen Päätöksenteko Esityslistat, pöytäkirjat ja viranhaltijapäätökset Kokouskalenteri Kunnanhallitus Kunnanvaltuusto Lautakunnat ja "
"mäntsälä","https://www.mantsala.fi/","","","","","","18",""
"mänttä-vilppula","https://www.manttavilppula.fi/","https://manttavilppula.fi/asuminen-ja-ymparisto/liikenneyhteydet/joukkoliikenne/","200","Joukkoliikenne | Mänttä-Vilppula","palveluliikenne","95","17","Joukkoliikenne | Mänttä-Vilppula Siirry sisältöön EN Hae Yhteystiedot Ajankohtaista Kuulutukset Verkkokauppa Asuminen ja ympäristö Asuminen ja ympäristö Asuminen Tontit Palvelupyynnöt ja vikailmoitukset Rakennusvalvonta Kaupunkisuunnittelu ja kaavoitus Liikenneyhteydet Ympäristö ja eläinlääkintä Tilapalvelut Kadut ja yleiset alueet Muuta Taidekaupunkiin Vesihuolto Taidekaupungin asumisen messut Kasvatus ja opetus Kasvatus ja opetus Varhaiskasvatu"
"mäntyharju","https://www.mantyharju.fi/","","","","","","16",""
"naantali","https://www.naantali.fi/","https://www.naantali.fi/fi/asuminen-ja-ymparisto/liikenne-ja-veneily/joukkoliikenne","200","Joukkoliikenne | Naantali","palveluliikenne; kutsuliikenne","115","15","Joukkoliikenne | Naantali Hyppää pääsisältöön Primary links Lapsiperheet Nuoret Ikäihmiset Maahanmuuttajat Matkailijat - Visit Naantali Secondary Links Tapahtumat Päivystyspuhelimet Naantali EN FI SV Päävalikko Asuminen ja ympäristö Asuminen ja ympäristö Back Asuminen ja ympäristö Asuminen ja ympäristö Asuminen Asuminen Back Asuminen Asumispalvelut Vesihuolto Jätehuolto ja kierrätys Sähkö ja kaukolämpö Saaristo Eläimet Matonpesupaikat Kaupunkisuu"
"nakkila","https://nakkila.fi/","","","","","","15",""
"nivala","https://www.nivala.fi/","https://www.nivala.fi/asuminen-ja-ymp%C3%A4risto/nivalan-palveluliikenne-kylakyyti","200","Nivalan Palveluliikenne Kyläkyyti | Nivalan kaupunki","palveluliikenne; kyläkyyti","115","15","Nivalan Palveluliikenne Kyläkyyti | Nivalan kaupunki Hyppää pääsisältöön Etsi Etsi Livelähetykset Myytävät tontit Ajankohtaista Tapahtumat Lomakkeet Yhteystiedot Nivala somessa Visit Nivala Etusivu Asuminen ja ympäristö Toggle submenu Asuminen ja ympäristö Sarake 1 Kaavoitus Rakentaminen Kartat ja mittauspalvelut Tontit Rakennusvalvonta Tila- ja vuokrauspalvelut Sarake 2 Kadut, tiet ja ympäristö Puistot ja viheralueet Leikkipuistot Koirapuistot K"
"nokia","https://www.nokiankaupunki.fi/","https://www.nokiankaupunki.fi/asuminen-ja-ymparisto/liikenne/joukkoliikenne/","200","Joukkoliikenne - Nokian kaupunki","palveluliikenne; kutsutaksi","115","15","Joukkoliikenne - Nokian kaupunki Hyppää sisältöön Ajankohtaista Kuulutukset Yhteystiedot Karttapalvelu Visit Nokia Pirha Kieli Vaihda kieli Hyväksy markkinoinnin evästeet nähdäksesi käännökset. Evästeasetukset Haku Asuminen ja ympäristö Asuminen ja ympäristö Avaa alavalikko Takaisin Sulje alavalikko Asuminen ja ympäristö Tontit Kaupunkiympäristö Ympäristö ja ilmasto Asuminen ja rakentaminen Kaavoitus Kartta- ja paikkatieto Kadut ja viheralueet Li"
"nousiainen","https://nousiainen.fi/","","","","","","15",""
"nurmes","https://www.nurmes.fi/","","","","","","15",""
"nurmijärvi","https://www.nurmijarvi.fi/","https://www.nurmijarvi.fi/kuntalaisen-palvelut/maankaytto-ja-liikenne/joukkoliikenne/","200","Joukko&shy;liikenne - Nurmijärvi","palveluliikenne","95","39","Joukko&shy;liikenne - Nurmijärvi Siirry sisältöön Tekstin koko &plus; Suurenna tekstin kokoa &ndash; Pienennä tekstin kokoa EN English SV svenska Ajankohtaista Tapahtumat Työpaikat Asiointi Palaute Yhteystiedot Nurmijärvi Kuntalaisen palvelut Asuminen ja rakentaminen Asunnot ja asumisen tuet Jätehuolto Rakentaminen ja luvat Tontit, kiinteistöt ja maanhankinta Vesihuolto Ympäristö- ja ilmastotyö Maankäyttö ja liikenne Hankkeet ja suunnitelmat Jouk"
"närpiö","https://www.narpes.fi/","","","","","","14",""
"orimattila","https://orimattila.fi/","https://orimattila.fi/asuminen-ja-ymparisto/kadut-ja-liikenne/joukkoliikenne-ja-palveluliikenne/","200","Joukkoliikenne &#x2d; Orimattilan kaupunki","palveluliikenne; kutsuliikenne; palvelubussi","135","18","Joukkoliikenne &#x2d; Orimattilan kaupunki Haku Siirry sisältöön Yhteystiedot Ajankohtaista Anna palautetta Orimattilan karttapalvelu Kontrasti Hae sivustolta Päävalikko Etusivu Asuminen ja ympäristö Asuminen Vuokra-asunnot Kaukolämpö Rakentaminen Rakennusvalvonta ja rakentamisen luvat Maanvastaanottopaikat ja hinnat Tontit Omakotitontit Rivi- ja kerrotalotontit Yritystontit Hulevesi Hulevesiohjelma Hulevesimaksu Julkiset rakennukset Kaupungin to"
"oripää","https://oripaa.fi/","","","","","","14",""
"orivesi","https://orivesi.fi/","https://orivesi.fi/2025/08/06/joukkoliikenneuutisia-nyssen-96-linjalla-reilusti-kayttajia-talviaikataulut-astuivat-voimaan-ja-junien-matkustajamaarat-kasvussa/","200","Joukkoliikenneuutisia: Nyssen 96-linjalla reilusti käyttäjiä, talviaikataulut astuivat voimaan ja junien matkustajamäärät kasvussa | Orivesi","palveluliikenne; kutsuliikenne","115","19","Joukkoliikenneuutisia: Nyssen 96-linjalla reilusti käyttäjiä, talviaikataulut astuivat voimaan ja junien matkustajamäärät kasvussa | Orivesi Siirry sisältöön Oriveden kaupungin logo Suomi English Hae sivustolta Hae sivustolta Kaupunkimme Päätöksenteko Talous ja strategiat Organisaatio Kaupunki Osallistu ja vaikuta Asukkaalle Asuminen, rakentaminen ja ympäristö Kasvatus ja opetus Kirjasto Kulttuuri Liikunta Nuoriso Terveys ja hyvinvointi Työllisty"
"oulainen","https://www.oulainen.fi/","https://www.oulainen.fi/palveluliikenne","200","Palveluliikenne | Oulainen","palveluliikenne; asiointiliikenne; kutsuliikenne","155","16","Palveluliikenne | Oulainen Hyppää pääsisältöön Toggle navigation Search Etusivulle | Palaute | Yhteystiedot Kaupunki ja hallinto Kaupunki ja hallinto Aloitteet Avoimet työpaikat Kaupunki-info Kuulutukset Lomakkeet Löytöeläinten hoito Muuttajat Palaute Päätöksenteko Päätöksenteko Kokouskalenteri Esityslistat ja pöytäkirjat Viranhaltijapäätökset Kaupunginvaltuusto Kaupunginhallitus ja jaostot Lautakunnat Neuvostot Sidonnaisuusrekisteri Strategia, s"
"oulu","https://www.ouka.fi/","https://www.ouka.fi/liikenne","200","Liikenne | Oulun kaupunki","palveluliikenne","95","31","Liikenne | Oulun kaupunki Hyppää pääsisältöön Tutustu Oulu2026-tapahtumakalenteriin Etsi English Svenska Palaute Etsi Valikko Päävalikko FI Ouka.fi etusivulle Asuminen ja ympäristö Asuminen ja ympäristö -pääsivulle Asuminen Eläimet Kartat Kaupunkisuunnittelu Liikenne Luonto ja ulkoilu Puistot, metsät ja vesistöt Terveellinen elinympäristö Tontit ja rakentaminen Ympäristönsuojelu ja ilmastotyö Kasvatus ja koulutus Kasvatus ja koulutus -pääsivulle "
"outokumpu","https://www.outokummunkaupunki.fi/","https://www.outokummunkaupunki.fi/asuminen-ja-ymparisto/kadut-ja-liikenne/joukkoliikenne/","200","Joukkoliikenne - Outokummun kaupunki","asiointiliikenne","85","17","Joukkoliikenne - Outokummun kaupunki Joukkoliikenne - Outokummun kaupunki Facebook Instagram YouTube LinkedIn Etsi Yhteystiedot Verkkokauppa esityslistat Meille töihin Asuminen ja ympäristö Vesihuolto Jätehuolto Ki­in­teistö­palve­lut Rakentajan palvelut ja tontit Mittaus ja kaavoitus Kadut ja liikenne Yleiset alueet Pesula ja jäähileasema Kummun kodit Oy Okun Energia Oy Ympäristö Turvallisuus Kasvatus ja koulutus Vauvaraha Varhaiskasvatus Esiope"
"padasjoki","https://www.padasjoki.fi/","https://www.padasjoki.fi/elinvoima-ja-tyollisyys/joukkoliikenne","200","Joukkoliikenne - Padasjoki","kutsutaksi","65","16","Joukkoliikenne - Padasjoki Siirry suoraan sisältöön Padasjoki Experience nothing &#8211; Visit Padasjoki Yhteystiedot Haku: Haku: Matkailu ja tapahtumat Tulevat tapahtumat Kalainsaaren mökki Kesä- ja talviaktiviteetit Käyntikohteet Padasjoen kylät Luontokohteet ja kylien luontopolut Luukonhaan Arboretum Mainiemen saha ja Sahan valot Majoitus ja kahvilat &#038; ravintolat Matkailuinfo Padasjoen satama Salpausselkä Geopark -Padasjoki Asuminen ja ym"
"paimio","https://www.paimio.fi/","","","","","","14",""
"paltamo","https://www.paltamo.fi/","https://www.paltamo.fi/asuminen-ja-ymparisto/asiointiliikenne.html","200","Asiointiliikenne - Paltamon kunta","asiointiliikenne; kutsutaksi","105","16","--> --> --> Asiointiliikenne - Paltamon kunta --> Siirry sisältöön. In English Suomeksi Etusivu Lomakkeet Palaute Yhteystiedot Ajankohtaista Tapahtumat Varautuminen Asuminen ja ympäristö Asuminen ja ympäristö Asiointiliikenne Hinnasto ja maksut Kelan asiointipiste Joukkoliikenne Jätehuolto Kaavoitus ja maankäyttö Kadut ja liikenne Kaukolämpö Kiinteistöjen päivystysnumerot ja kunnossapito Palo ja pelastus Palvelu- ja osoitekartta Rakentaminen Uude"
"parainen","https://www.pargas.fi/","","","","","","14",""
"parikkala","https://parikkala.fi/","https://parikkala.fi/asuminen-ja-ymparisto/joukkoliikenne/","200","Asiointiliikenne - Parikkala","asiointiliikenne","85","17","Asiointiliikenne - Parikkala Siirry sisältöön Yhteystiedot Etelä-Karjalan tapahtumakalenteri Kysy, me vastaamme! Simpelejärven opisto Liikunta- ja kokoustilojen tilavarausjärjestelmä Visit Parikkala Etusivu Haku Visit Parikkala Haku Asuminen ja ympäristö Asiointiliikenne Jätehuolto Kaavoitus ja maankäyttö Kadut ja liikenne Kunnan vuokrattavat tilat Muuttajat ja uudet asukkaat Palo- ja pelastustoimi Puistot ja yleiset alueet Rakennusvalvonta Raken"
"parkano","https://www.parkano.fi/","https://parkano.fi/palveluliikenne/","200","Palveluliikenne | Parkano","palveluliikenne","95","16","Palveluliikenne | Parkano Siirry sisältöön Matkailijalle Ajankohtaista Tapahtumat Yhteystiedot Pihlajalinna terveys Pirha FI EN Asuminen ja ympäristö Asuminen ja ympäristö Asuminen Kaavoitus ja maankäyttö Kadut ja liikennealueet Rakentaminen Tilapalvelut Ympäristö Muuttajalle Sulje valikko Hyödyllisiä sisältöjä Tonttikauppa Tietopaketti rakentajalle Vuokrattavat tilat Asumisen rahoitus ja kehittämiskeskus Kasvatus ja koulutus Kasvatus ja koulutus"
"pedersören kunta","https://www.pedersore.fi/","","","","","","14",""
"pelkosenniemi","https://pelkosenniemi.fi/","https://pelkosenniemi.fi/asuminen-ja-ymparisto/liikenneyhteydet-ja-liikenneturva/","200","Liikenneyhteydet ja liikenneturva - Pelkosenniemi","asiointiliikenne","85","15","Liikenneyhteydet ja liikenneturva - Pelkosenniemi Hyppää sisältöön Hae sivuston sisältöä Hae Kun tuloksia tulee, voit selata niitä nuolinäppäimillä ylös ja alas ja siirtyä halutulle sivulle enterin painalluksella. Kosketusnäytöllisten laitteiden käyttäjät voivat selata tuloksia koskettamalla ja pyyhkäisemällä. Haku Valikko Sulje Etusivu Asuminen ja ympäristö Tekniset palvelut Kaavoitus ja maankäyttö Rakennusvalvonta Vesi-, energia- ja jätehuolto "
"pello","https://www.pello.fi/","","","","","","14",""
"perho","https://perho.com/","","","","","","14",""
"petäjävesi","https://www.petajavesi.fi/","","","","","","14",""
"pieksämäki","https://www.pieksamaki.fi/","https://www.pieksamaki.fi/asukkaat-ja-ymparisto/liikenne/","200","Liikenne - Pieksämäen kaupunki","palveluliikenne","95","14","Liikenne - Pieksämäen kaupunki Siirry sisältöön Palaute x --> Etsi sivustolta: Etsi Pieksämäen kaupunki Teknisen toimen palautepalvelu A Decrease font size. A Reset font size. A Increase font size. Etusivu Visit Pieksämäki Pieksämäki 450 Poleeni Sport Pieksämäki Vedenjakajareitistö Pieksämäki Shopping --> MENU MENU Asukkaat ja ympäristö Asuminen Liikenne Rakentaminen ja tontit Kaavoitus Maaseutupalvelut Nuoriso Lapsiperheet Energianeuvonta Kartat"
"pielavesi","https://pielavesi.fi/","","","","","","14",""
"pietarsaari","https://jakobstad.fi/","","","","","","14",""
"pihtipudas","https://pihtipudas.fi/","","","","","","16",""
"pirkkala","https://www.pirkkala.fi/","https://www.pirkkala.fi/liikenne-ja-kadut/palvelubussi/","200","Palvelubussi - Pirkkala","palveluliikenne; palvelubussi","115","23","Palvelubussi - Pirkkala Suomi English Koti ja ympäristö 3 Asunnot Energiansäästö Kaavoitus Kodin huolto Leikkipaikat ja puistot Liikenne ja kadut Lupa-asiat ja rakentaminen Tontit Ympäristöterveys Pirteva Ympäristö ja luonto Kasvatus ja opiskelu 3 Esi- ja perusopetus Lukio Nuorisotyö Ruokailu Taiteen perusopetus Vapaa sivistystyö Varhaiskasvatus Työ ja yrittäjyys 3 Business Pirkkala Tukea työnhakuun Työpaikat Tule meille töihin! Harrastukset ja v"
"polvijärvi","https://www.polvijarvi.fi/","https://www.polvijarvi.fi/julkinen-liikenne-ja-asiointiliikenne","200","Julkinen liikenne ja asiointiliikenne - polvijarvi.fi","asiointiliikenne","85","16","Julkinen liikenne ja asiointiliikenne - polvijarvi.fi Hyppää sisältöön SULJE VALIKKO Etusivu Mitä odotat? Asuminen ja ympäristö Muuttajalle Vuokra-asunnot Julkinen liikenne ja asiointiliikenne Kaukolämpö Kaavoitus Maksut ja taksat Jätehuolto Rakentaminen Tontit ja alueet Tonttihaku Venevalkamat Ruokapalvelut Vesihuolto Ympäristönsuojelu Yksityistieavustukset Kasvatus ja koulutus Kunta ja päätöksenteko Työ ja yrittäminen Polvijärvi pähkinänkuoress"
"pomarkku","https://www.pomarkku.fi/","","","","","","15",""
"pori","https://www.pori.fi/","","","","","","14",""
"pornainen","https://pornainen.fi","https://pornainen.fi/kuntalaiset/joukkoliikenne-ja-aikataulut/","200","Joukkoliikenne ja aikataulut - Pornainen","palvelubussi","65","20","Joukkoliikenne ja aikataulut - Pornainen Hyppää sisältöön Pikalinkit menu Pikalinkit Etusivu trending_flat Ajankohtaista trending_flat Kunta ja asiointi trending_flat Kuntalaiset trending_flat Kasvatus ja koulutus trending_flat Kulttuuri ja vapaa-aika trending_flat Kirjasto trending_flat Ota yhteyttä trending_flat Kunnan yhteys- ja laskutustiedot trending_flat Liikenneturvallisuussuunnitelma trending_flat Nuorisotalo Ponu trending_flat Yritys- ja"
"porvoo","https://www.porvoo.fi/","https://www.porvoo.fi/asuminen-ymparisto/kadut-ja-liikenne/porvoon-bussi/kylakyyti/","200","Kyläkyyti - Porvoo","kutsuliikenne; kyläkyyti","85","17","Kyläkyyti - Porvoo Siirry sisältöön Porvoo – Siirry kotisivulle Haku: Hae Hae Vaihda kieltä Nykyinen kieli: Suomi fi sv Vaihda kieleen: Svenska en Vaihda kieleen: English Vaihda kieltä Nykyinen kieli: Suomi fi fi Vaihda kieleen: Suomi sv Vaihda kieleen: Svenska en Vaihda kieleen: English Hae Sulje haku Valikko Haku: Hae Hae Porvoo – Siirry kotisivulle Hae Sulje haku Vaihda kieltä Nykyinen kieli: Suomi fi fi Vaihda kieleen: Suomi sv Vaihda kieleen"
"posio","https://www.posio.fi/","https://www.posio.fi/asiointiliikenne/","200","Asiointiliikenne - Posion kunta","asiointiliikenne; kutsuliikenne; kutsutaksi","125","14","Asiointiliikenne - Posion kunta Siirry sisältöön Kaupungin logo Suomi English Tilavaraus ja kuntosali Verkkokauppa Yhteystiedot Tapahtumat Haku --> Haku Avaa valikko --> Palvelut Palveluhakemisto Asuminen Posiolla Kehittämis- ja yrityspalvelut Koulutus ja varhaiskasvatus Maaseutu- ja lomituspalvelut Rakentaminen ja ympäristö Sosiaali- ja terveyspalvelut Posion sähköinen perhekeskus Vapaa-aika ja kirjasto Työpaikat Viestintä Yrittäjyys ja työ Työv"
"pudasjärvi","https://www.pudasjarvi.fi/","https://www.pudasjarvi.fi/asuminen-ja-ymparisto/liikenneyhteydet/asiointiliikenne/","200","Asiointiliikenne - Pudasjärvi","asiointiliikenne; kutsutaksi","105","15","Asiointiliikenne - Pudasjärvi Vain hyviä syitä Facebook Twitter Flickr Instagram You Tube MENU MENU Asuminen ja ympäristö Asuminen Asumisneuvonta Avustukset Kylät Kotoutumispalvelut Turvallisuus Vuokra-asunnot Liikenne ja kartat Asiointiliikenne Kartat Liikenneyhteydet Rakentaminen Rakentajan palvelupolku Korjausneuvonta Maankäyttö ja kaavoitus Rakennusvalvonta Tontit Tuulivoima Jäte- ja vesihuolto Jätehuolto Kaukolämpö Vesi- ja viemärihuolto Yle"
"pukkila","https://www.pukkila.fi/","","","","","","15",""
"punkalaidun","https://www.punkalaidun.fi/","","","","","","14",""
"puolanka","https://puolanka.fi/","","","","","","14",""
"puumala","https://puumala.fi/","https://puumala.fi/asuminen-ja-ymparisto/joukkoliikenne/","200","Joukkoliikenne | Puumala","asiointiliikenne; kutsutaksi","105","16","Joukkoliikenne | Puumala You are using an outdated browser. Please upgrade your browser . Varaa Satamapaikka Online-varaukset Pyörälautta FI EN RU Toggle navigation Asuminen ja Ympäristö Alueellinen energianeuvonta Vuokra-asunnot Joukkoliikenne Jätehuolto Kaavoitus Kartat ja paikkatieto Kotoutumispalvelut Liikenneturvallisuus Pelastuspalvelut Puumalan kylät Puumala kodiksi -hanke Loma-asunto kodiksi Rakentaminen Rakennusluvan hakemisen ohje Poikk"
"pyhtää","https://pyhtaa.fi/","","","","","","18",""
"pyhäjoki","https://www.pyhajoki.fi/","","","","","","14",""
"pyhäjärvi","https://www.pyhajarvi.fi/","https://www.pyhajarvi.fi/fi/palveluliikenne","200","Palveluliikenne | Pyhäjärvi","palveluliikenne; kutsutaksi; palvelubussi","135","15","Palveluliikenne | Pyhäjärvi Hyppää pääsisältöön Pyhäjärvi 160 v. juhlavuosi Search Tekstikoko - A A + A Asuminen Toggle submenu Tekniset palvelut Yhteystiedot Kaavoitus Kiinteistöhuolto Investoinnit ja hankinnat Rakennusvalvonta Ympäristönsuojelu Siivous- ja ruokapalvelut Tontit Hyvinvointitalo Kaavamuutokset Hallakallion tuulivoiman osayleiskaava Hautakankaan, Harvankankaan tuulivoiman osayleiskaava Itämäen tuulivoiman osayleiskaava Kokkopetäikö"
"pyhäntä","https://www.pyhanta.fi/","https://pyhanta.fi/joukkoliikenneyhteydet","200","Joukkoliikenneyhteydet | Pyhäntä","asiointiliikenne","85","17","Joukkoliikenneyhteydet | Pyhäntä Hyppää pääsisältöön Etusivu | Tapahtumakalenteri | Palaute | Kuntalaisaloite | Sivukartta &nbsp; | Yhteystiedot &nbsp; &nbsp; &nbsp; &nbsp; &nbsp; Etsi Korkea kontrasti Leave this field blank - A A + A Kunta ja hallinto Kunta-info Kylät Matkailu Kuvia Pyhännältä Videoita Pyhännältä Hallinto Tietosuoja Kunnantalon koulutus- ja kokoustilat Strategia Säännöt &amp; ohjeet Yhteistoiminta Vaalit Kunnanhallitus Kunnanval"
"pyhäranta","https://www.pyharanta.fi/","https://www.pyharanta.fi/asuminen/liikenne/joukkoliikenne/","200","Joukkoliikenne - Pyhäranta","palveluliikenne","95","17","Joukkoliikenne - Pyhäranta Siirry sisältöön Kontrasti: Tekstin koko: A- Pienennä tekstin kokoa A+ Suurenna tekstin kokoa Info Tietoa zoomauksesta selaimella Verkkosivun näkymän koon muuttaminen Verkkosivun näkymää voi näppärästi suurentaa ja pienentää suoraan Internet-selaimesta Voit suurentaa ja pienentää verkkosivun näkymää painamalla pohjaan näppäimistöstä CTRL -painikkeen (Mac: Command -painike) ja painike pohjaan pidettynä vierittää hiiren r"
"pälkäne","https://www.palkane.fi/","https://www.palkane.fi/liikennekatkos-peruttu-lauantailta/","200","Liikennekatkos peruttu lauantailta! &#x2d; palkane","palveluliikenne","95","15","Liikennekatkos peruttu lauantailta! &#x2d; palkane Siirry sisältöön Tapahtumat Ajankohtaista Yhteystiedot Kontrasti Haku Päävalikko Etusivu Asuminen ja ympäristö Tontit Omakotitontit – Koti Pälkäneeltä Yritystontit Rivitalotontit Tervetuloa asumaan Pälkäneelle Rakennusvalvonta Rakentamisen luvat Rakennustyönaikainen valvonta Rakennetun ympäristön valvonta Ranta-alueiden rakentaminen Rakentamisen määräykset, ohjeet ja lomakkeet Rakennusjärjestys 2"
"pöytyä","https://www.poytya.fi/","https://www.poytya.fi/asu-ja-rakenna/asuminen/asiointiliikenne-ja-julkinen-liikenne/","200","Asiointiliikenne ja julkinen liikenne | Pöytyän kunta","asiointiliikenne; kutsutaksi","105","15","Asiointiliikenne ja julkinen liikenne | Pöytyän kunta sisältöön &raquo; Etusivu Opi ja kasva Varhaiskasvatus Varhaiskasvatuksen yksiköt Kyrön varhaiskasvatusyksikkö Riihikosken varhaiskasvatusyksikkö (Metsälauha) Yläneen varhaiskasvatusyksikkö Perhepäivähoito Esiopetus Yksityinen varhaiskasvatus Yksityiset palveluntuottajat Hakeminen Maksut Edlevo Hoitoaikojen ilmoittaminen Usein kysytyt kysymykset Lasten hoidon tuet Varhaiserityiskasvatus Muistu"
"raahe","https://www.raahe.fi/","https://www.raahe.fi/asuminen/liikenne","200","Liikenne | Raahe.fi","palveluliikenne; kutsuliikenne; kutsutaksi; palvelubussi","155","14","Liikenne | Raahe.fi Hyppää pääsisältöön Tekstikoko - A A + A Vaihda kontrasti Leave this field blank Yhteystiedot Switch Language FI EN SV RU Kohderyhmät Ikäihmiset Lapsiperheet Matkailijat Nuoret Uudet asukkaat Yritykset Main menu Toggle sub-menu Etusivu KUNTAINFO Tietoa Raahesta Raahen historia Wanha Raahe Kuntadata Vuotuiset tapahtumat Kylä- ja asukasyhdistykset Raahen kylät Ystävyyskaupungit Livekamera Avoin data Viestintä ja markkinointi Brä"
"raasepori","https://www.raseborg.fi/","","","","","","27",""
"raisio","https://raisio.fi/","","","","","","15",""
"rantasalmi","https://www.rantasalmi.fi/","https://rantasalmi.fi/asuminen-ja-ymparisto/kadut-ja-liikenne/asiointiliikenne/","200","Asiointiliikenne | Rantasalmen kunta","asiointiliikenne","85","15","Asiointiliikenne | Rantasalmen kunta Skip to content Search Ikäihmiset Lapsiperheet Matkailu Nuoret Briefly in English Ikäihmiset Lapsiperheet Matkailu Nuoret Briefly in English Asuminen ja ympäristö Close Asuminen ja ympäristö Open Asuminen ja ympäristö Asuminen Asuinalueet Asukkaana Rantasalmella Ikäihmiset Vesihuolto Vuokra-asunnot Matonpesupaikka Maahanmuuttajat Kierrätys- ja jätehuolto Kadut ja liikenne Katujen ja yleisten alueiden kunnossap"
"ranua","https://www.ranua.fi/","https://ranua.fi/asuminen-ja-rakentaminen/asuminen/asiointiliikenne/","200","Asiointiliikenne - Ranua","asiointiliikenne","85","15","Asiointiliikenne - Ranua Siirry sisältöön Ajankohtaista Yhteystiedot Tapahtumat Esityslistat ja pöytäkirjat Perhekeskus Pyydä apua Uutiskirje FI EN Asuminen ja rakentaminen Asuminen Vuokra-asunnot Jätehuolto ja kierrätys Asiointiliikenne Vesihuolto, kaukolämpö, kuitu ja sähkö Ranuan kylät Ranuan kotoutumispalvelut Kesyttämätön Kesyttämättömät Rakentaminen Rakennusvalvonta ja -luvat Tontit Kaavoitus Vireillä olevat kaavat Tuulivoimahankkeet Ranual"
"rauma","https://www.rauma.fi/","https://www.rauma.fi/asuminen-ja-rakentaminen/kadut-ja-liikenne/joukkoliikenne/reitit-ja-aikataulut/","200","Reitit ja aikataulut - Rauman kaupunki","palveluliikenne","95","22","Reitit ja aikataulut - Rauman kaupunki fi en Tapahtumakalenteri Visit Rauma Haku Menu Sulje Asuminen ja rakentaminen Asuminen Turvallisuus Jäte- ja vesihuolto Kaavoitus ja maankäyttö Kadut ja liikenne Rakentaminen Rakennushankkeet Ympäristö Lapset ja nuoret Varhaiskasvatus ja esiopetus Perusopetus Koululaisten iltapäivä- ja kesäkerhotoiminta Nuorten Rauma Harrastamisen malli Rauman Lyseon lukio Opistot Hyvinvointi ja terveys Hyvinvoinnin edistämi"
"rautalampi","https://www.rautalampi.fi/","","","","","","22",""
"rautavaara","https://www.rautavaara.fi/","https://www.rautavaara.fi/asukkaille/asuminen-ja-ymparisto/kadut-ja-liikenne/joukkoliikenne/","200","Joukkoliikenne - Rautavaaran kunta","asiointiliikenne; kutsutaksi","105","17","Joukkoliikenne - Rautavaaran kunta Siirry sisältöön Asukkaille Avaa alavalikko Kuntani Rautavaara Avaa alavalikko Tietoa Rautavaarasta Avaa alavalikko Ajankohtaista Päätöksenteko Avaa alavalikko Osallisuus ja vaikuttaminen Avaa alavalikko Vauvaraha Rautavaara-tuotteet Asiointi ja yhteydenotto Avaa alavalikko Asuminen ja ympäristö Avaa alavalikko Asuminen Avaa alavalikko Rakentaminen ja tontit Avaa alavalikko Ympäristö Avaa alavalikko Kadut ja lii"
"rautjärvi","https://www.rautjarvi.fi/","https://www.rautjarvi.fi/fi/asuminen-ja-ymparisto/asiointiliikenne","200","Asiointiliikenne - Rautjärvi","asiointiliikenne; asiointikyyti","105","16","Asiointiliikenne - Rautjärvi Siirry pääsisältöön Siirry päävalikkoon Sähköiset lomakkeet Palaute Yhteystiedot Matkailuinfo Haku Asuminen ja ymp&#xE4;rist&#xF6; Vaihda alasvetovalikkoa Kunnan vuokra-asunnot Yleiset alueet Kaavoitus ja maank&#xE4;ytt&#xF6; Rakennusvalvonta J&#xE4;tehuolto Kunnan hulevesimaksut Maaseututoimi Ymp&#xE4;rist&#xF6;toimi Pelastustoimi Asiointiliikenne Liikenneturvallisuus Simpeleen L&#xE4;mp&#xF6; Oy Rautj&#xE4;rven Vesi"
"reisjärvi","https://www.reisjarvi.fi/","","","","","","14",""
"riihimäki","https://www.riihimaki.fi/","","","","","","14",""
"ristijärvi","https://www.ristijarvi.fi/","https://www.ristijarvi.fi/asuminen-ja-ymparisto/asiointi-ja-joukkoliikenne.html","200","Asiointi- ja joukkoliikenne","asiointiliikenne; kutsutaksi","105","15","Asiointi- ja joukkoliikenne Skip to content Lomakkeet | Palaute | Yhteystiedot Hae Valikko Lomakkeet | Palaute | Yhteystiedot Sulje valikko Etusivu Kunta ja hallinto Ristijärvi Kuntatalous Kuntastrategia Ohjeet ja säännöt Asiointi Päätöksenteko, toimielimet ja lautakunnat Asuminen ja ympäristö Vuokra-asuminen Vapaita tontteja Tekniset palvelut Kaavoitus ja maankäyttö Asiointi- ja joukkoliikenne Liikenneturvallisuustyö Rakentaminen ja ympäristönva"
"rovaniemi","https://www.rovaniemi.fi/","","","","","","14",""
"ruovesi","https://www.ruovesi.fi/","https://www.ruovesi.fi/ruoveden-kunnan-asiointiliikenne-kesa-2026-16-982026","200","Tiedotteet - Ruoveden kunta","asiointiliikenne","85","15","Tiedotteet - Ruoveden kunta Käytämme verkkosivustollamme evästeitä. Hyväksymällä kaikki evästeet varmistat parhaan mahdollisen käyttökokemuksen. Lue lisää evästeistä sekä niiden käytöstä. check_box_outline_blank Hyväksy check_box_outline_blank Jatka hyväksymättä Hyppää sisältöön Hakusana(t) Avaa valikko Asuminen ja ympäristö Laivaranta ja venepaikat Asuminen Nuohous Matonpesupaikat Sähköliittymät ja sähköverkko Vesihuolto Mittarinlukema Vedenotta"
"rusko","https://rusko.fi/","","","","","","18",""
"rääkkylä","https://www.raakkyla.fi/","https://www.raakkyla.fi/asuminen-rakentaminen-ja-ymparisto/liikenne-satama-ja-tieverkko/joukkoliikenne-ja-taksit/","200","Joukkoliikenne ja taksit - Rääkkylä","asiointiliikenne","85","15","Joukkoliikenne ja taksit - Rääkkylä Joukkoliikenne ja taksit - Rääkkylä Asuminen, rakentaminen ja ympäristö Asuminen Asuminen ja asunnot Sähkö ja lämmitys Korjaus-, esteettömyys- ja hissiavustus Muuta Rääkkylään Nuohous Matonpesupaikat Toripaikkamaksut Rakentaminen Rakennusvalvonta Rakentamisen luvat Katselmukset Poikkeamislupa Lupa-asiakirjat, ohjeet ja lomakkeet Kunnan osoitejärjestelmä Vesihuoltolaitos Häiriöviestintä Jätehuolto ja kierrätys K"
"saarijärvi","https://saarijarvi.fi/","","","","","","14",""
"salla","https://www.salla.fi/","https://www.salla.fi/palvelut/asuminen-rakentaminen-ja-ymparisto/palveluliikenne/","200","Palveluliikenne | Sallan Kunta","palveluliikenne; asiointiliikenne","135","16","Palveluliikenne | Sallan Kunta Siirry sisältöön Palvelut Sosiaali- ja terveyspalvelut (Lapha) Sivistys- ja koulutuspalvelut Sivistystoimisto Varhaiskasvatus Esiopetus Perusopetus Lukio Kesälukio Kansalaisopisto ja Pedasofia Musiikkiopisto Kirjasto- ja kulttuuripalvelut Kulttuuri Kirjasto Käyttösäännöt ja maksut Kokoelma Palvelut Varattavat tilat Sota- ja jälleenrakennusajan museo ja Rajakievari Opastukset ja museovierailut ryhmille Näyttelyt Pirt"
"salo","https://salo.fi/","https://salonpaikku.fi/","200","Etusivu - Salon Paikku","palveluliikenne","65","17","Etusivu - Salon Paikku Hyppää sisältöön Turku 55 km &#8211; SALO &#8211; Helsinki 115 km Suomeksi In English Yhteystiedot Anna palautetta Hae Salon sivustoilta Etusivu Aikataulut ja reitit Liput ja hinnat Työmatkaedut Paikussa Koulumatkatukilippu Paikussa Ohjeita ja tietoja Usein kysytyt kysymykset Lomakkeet ja käyttöehdot Meidän Paikun säännöt Asiakaspalvelu Palvelu- ja latauspisteet Löytötavarat Liikennöitsijät Palveluliikenne Esteettömyys Osal"
"saltvik","https://www.saltvik.ax/","","","","","","14",""
"sastamala","https://sastamala.fi/","https://sastamala.fi/asuminen-ja-ymparisto/kadut-liikenne-ja-rakennettu-ymparisto/joukkoliikenne/","200","Joukkoliikenne - Sastamala","palveluliikenne; asiointiliikenne","135","15","Joukkoliikenne - Sastamala Käytät &lt;strong&gt;vanhentunutta&lt;/strong&gt; selainta. Ole hyvä ja &lt;a href=”http://browsehappy.com/”&gt;päivitä selaimesi&lt;/a&gt; parantaaksesi käyttökokemustasi. Hyppää sisältöön Sastamala-info Päätöksenteko Palaute Yhteystiedot Meille töihin Tarjouspyynnöt fi Sastamala Hae sivustolta Sähköinen asiointi Sähköinen asiointi ja lomakkeet Asukkaan digituki Haku Valikko Asuminen ja ympäristö Eläinlääkintähuolto En"
"sauvo","https://www.sauvo.fi/","https://www.sauvo.fi/sauvon-sisainen-asiointiliikenne-22-4-alkaen/","200","Sauvon sisäinen asiointiliikenne 22.4. alkaen - Sauvon kunnan kotisivut","palveluliikenne; asiointiliikenne","135","19","Sauvon sisäinen asiointiliikenne 22.4. alkaen - Sauvon kunnan kotisivut Hyppää ensisijaiseen valikkoon Hyppää pääsisältöön Hyppää ensisijaiseen sivupalkkiin Hyppää alatunnisteeseen suomi Search Etsi sivustolta: Yhteystiedot Tee vikailmoitus Search Etsi sivustolta: suomi Sauvon kunnan kotisivut Sauvon kunta - elämä lähellä Varhaiskasvatus ja opetus Esiopetus Ilmoittautuminen esiopetukseen Lapsi esiopetuksessa Esiopetuskuljetukset Varhaiskasvatus H"
"savonlinna","https://www.savonlinna.fi/","https://www.savonlinna.fi/asukas/kadut-ja-liikenne/liikenne/","200","Liikenne - Savonlinna","palveluliikenne; asiointiliikenne","135","17","Liikenne - Savonlinna You are using an &lt;strong&gt;outdated&lt;/strong&gt; browser. Please &lt;a href=&quot;http://browsehappy.com/&quot;&gt;upgrade your browser&lt;/a&gt; to improve your experience. Hyppää sisältöön fi en sv de ru Etusivu Asukas Asuminen ja ympäristö Alueellinen energianeuvonta Asuntopalvelut Vapaana olevat vuokra-asunnot Vuokra-asunnot Kerimäen vuokra-asunnot Punkaharjun vuokra-asunnot Savonlinnan kantakaupungin vuokra-asunno"
"savukoski","https://www.savukoski.fi/","https://www.savukoski.fi/elinkeino/kutsutaksi/","200","Kutsutaksi 2026 | Savukosken kunta","kutsutaksi","65","15","Kutsutaksi 2026 | Savukosken kunta Etusivu Ajankohtaista Tapahtumakalenteri Ilmoitustaulu Asuminen ja ympäristö Kaavoitus ja maankäyttö Myytävät- ja vuokrattavat asunnot, Kivitunturin maja Rakentaminen ja rakennusvalvonta Vesilaitos Ympäristöterveydenhuolto Terveysvalvonta Elintarvikevalvonta Talous- ja uimavedenvalvonta Asumisterveys Yleisten tilojen hygieeninen valvonta Tuholaisten ja haittaeläinten torjunta Suuret yleisötilaisuudet Tupakka- ja"
"seinäjoki","https://www.seinajoki.fi/","https://www.seinajoki.fi/asuminen-ja-ymparisto/kadut-ja-liikenne/joukkoliikenne/palveluliikenne/","200","Palveluliikenne | Seinäjoen kaupunki","palveluliikenne","95","14","Palveluliikenne | Seinäjoen kaupunki Käytät vanhentunutta selainta. Ole hyvä ja päivitä selaimesi parantaaksesi käyttäjäkokemusta. Siirry sisältöön Suomeksi In English På Svenska Hae sivustolta Palaute Yhteystiedot Haku Sulje Valikko Sulje Asuminen ja ympäristö Kasvatus ja opetus Kulttuuri ja liikunta Hallinto Työ ja yrittäminen Osallistu ja asioi Sulje valikko Suomeksi In English På Svenska Palaute Yhteystiedot Matkailijat Lapsiperheet Muuttajat"
"sievi","https://www.sievi.fi/","","","","","","15",""
"siikainen","https://siikainen.fi/","","","","","","14",""
"siikajoki","https://www.siikajoki.fi/","https://www.siikajoki.fi/joukkoliikenne","200","Joukkoliikenne | Siikajoki","asiointiliikenne","85","17","Joukkoliikenne | Siikajoki Hyppää pääsisältöön Toggle navigation TAPAHTUMAKALENTERI | NÄE JA KOE &nbsp;| PALAUTE | YHTEYSTIEDOT | ETUSIVULLE Etsi - A A + A Päävalikko Kunta ja hallinto Siikajoki-tietoa Kylät Päätöksenteko ja organisaatio Esityslistat ja pöytäkirjat Kuulutukset ja ilmoitukset Valtuusto Kunnanhallitus Lautakunnat Muut toimielimet Sidonnaisuudet Vaalit Strategiat ja talous Hyvinvointikertomus Palveluhinnastot Strategiat ja säännöt T"
"siikalatva","https://siikalatva.fi/","https://siikalatva.fi/joukkoliikenne/","200","Joukkoliikenne - Siikalatva","asiointiliikenne","85","15","Joukkoliikenne - Siikalatva Mene sisältöön Search Etusivu Visit Siikalatva Palvelupyynnöt Ajankohtaista Siikalatvan pitäjäpäivät 2026 Tusina syytä asua Siikalatvalla Avustukset ja sponsorointi Uutiset ja kuulutukset Tapahtumat Osallistu ja vaikuta Valtuuston, kunnanhallituksen ja lautakuntien kokoukset Kuntatiedotteet Hankintakalenteri ja tarjouspyynnöt Julkipanoilmoitukset Asiointiliikenne Oulu2026 Varautuminen Ajankohtaista Siikalatvan pitäjäpä"
"siilinjärvi","https://www.siilinjarvi.fi/","https://siilinjarvi.fi/asuminen-ja-ymparisto/joukkoliikenne/","200","Joukkoliikenne - Siilinjärven kunnan verkkosivut","palveluliikenne","95","15","Joukkoliikenne - Siilinjärven kunnan verkkosivut Siirry sisältöön FI EN Hae Asuminen ja ympäristö Asumispalvelut Asumisoikeusasunnot Asumistuki Ennakoi ikääntymisesi Lainat Palveluasunnot Vuokra-asunnot Joukkoliikenne Jätehuolto Biojäte Lajitteluasema Jäteastiat Jätehuoltoon liittyminen Jätehuollon valvonta Hiekan- ja öljynerottimet Rakennus- ja purkujätteet Roskaantuminen Jätevesilietteet Jätteen omatoiminen käsittely Maankaatopaikka Romuajoneuv"
"simo","https://www.simo.fi/","","","","","","14",""
"sipoo","https://www.sipoo.fi/","","","","","","15",""
"siuntio","https://www.siuntio.fi/","","","","","","19",""
"sodankylä","https://www.sodankyla.fi/","https://www.sodankyla.fi/asuminen-ja-ymparisto/tiet-reitit-ja-liikenne/liikenne/","200","Liikennepalvelut | Sodankylän kunta","palveluliikenne; asiointiliikenne","135","15","Liikennepalvelut | Sodankylän kunta Kunnanviraston ja kirjaston perusparannus Tiedekeskus Aurora Kitisenranta Tapahtumat Yhteystietohaku Asuminen ja ympäristö Kaavoitus ja mittaus Tontit ja rakennuspaikat Rakennusvalvonta Kunnan vuokra-asunnot Kadut, reitit, yleiset alueet ja liikenne Vesi-, energia- ja jätehuolto Tilapalvelut Ympäristö ja luonto Ympäristönsuojelu ja ympäristöterveydenhuolto Valokuitu Sodankylässä Varhaiskasvatus ja koulutus Varh"
"soini","https://soini.fi/","","","","","","14",""
"somero","https://www.somero.fi/","https://www.somero.fi/asuminen-ja-ymparisto/kadut-ja-liikenne/asiointiliikenne/","200","Asiointiliikenne | Somero","asiointiliikenne","85","15","Asiointiliikenne | Somero sisältöön &raquo; Etusivu Asuminen ja ympäristö Asuminen ja tontit Asukkaan Somero Someron kylät ja maaseutu Somerniemi Someron keskusta Uusien edut Vapaat tontit Vuokra-asunnot Vapaa-ajan asukkaalle Someron Messut 2026 Yleiset alueet Puistot Leikkipuistot Kukkapellot Akustinpuisto Matonpesupaikat Torit ja markkinat Sijoitus- ja kaivuluvat Tapahtumaluvat Mainonta yleisillä alueilla Mainonta keskustan katutolpissa Joensuu"
"sotkamo","https://www.sotkamo.fi/","https://www.sotkamo.fi/kunta-ja-hallinto-2/tietoa-kunnasta/joukkoliikenne/","200","Joukkoliikenne - Sotkamo","asiointiliikenne; kutsutaksi","105","15","Joukkoliikenne - Sotkamo Käytät vanhentunutta selainta. Ole ystävällinen ja päivitä selaimesi parantaaksesi kokemustasi. Hyppää sisältöön Ajankohtaista Verkkokauppa Palaute Kartat Yhteystiedot fi Suomi fi English en Sähköinen asiointi Lomakkeet FI / EN Asuminen ja ympäristö Asuminen, tontit ja kiinteistöt Vapaat tontit Maisemakallio Leivolanlahti Sotkamojärven etelärannan alue Emäntäkoulun asuinalue Nivun asuinalue Härkökiven asuinalue Koulurinte"
"sottunga","https://www.sottunga.ax/","","","","","","14",""
"sulkava","https://sulkava.fi/","","","","","","15",""
"sund","https://www.sund.ax/","","","","","","14",""
"suonenjoki","https://suonenjoki.fi/","https://suonenjoki.fi/asuminen-ja-ymparisto/joukkoliikenne/","200","Joukkoliikenne - Suonenjoki","kutsutaksi","65","16","Joukkoliikenne - Suonenjoki Siirry sisältöön Ajankohtaista Asioi verkossa Yhteystiedot In English Anna palautetta Etusivu Haku Anna palautetta Siirry Haku Asuminen ja ympäristö Asuinympäristömme Kadut Pysäköinninvalvonta Liikenneturvallisuus Puistot ja yleiset alueet Alppiruusupuisto Suonenjoki Lehtipuulajipuisto Leikkipaikat Matonpesupaikat Tori Yksityistiet Ympäristönsuojelu Asuminen ja tontit Eläimet Joukkoliikenne Kaavoitus ja maankäyttö Kaav"
"sysmä","https://sysma.fi/","https://sysma.fi/joukkoliikenne/","200","Joukkoliikenne - Sysmä","kutsutaksi","65","15","Joukkoliikenne - Sysmä Sähköinen asiointi Yhteystiedot Generic selectors Exact matches only Search in title Search in content Post Type Selectors Näe & koe Tapahtumat Tapahtumakalenteri Tainionvirran Löylyt Osallistuva budjetointi 2025 Sysmän Suvisoitto Sysmän kirjakyläpäivät Uotinpäivät Uotinpäiväviikon tapahtumia Historia Sysmä kartanopitäjänä Auktorisoidut oppaat Sysmässä Kirkkoretki Pusukujalta Lopperiin ja Lilumäentielle Raitin risteily Pyhä"
"säkylä","https://www.sakyla.fi/","","","","","","14",""
"taivalkoski","https://www.taivalkoski.fi/","","","","","","14",""
"taivassalo","https://www.taivassalo.fi/","https://www.taivassalo.fi/matkailu/joukko-ja-palveluliikenne","200","Joukko- ja palveluliikenne :: Taivassalon kunta","palveluliikenne","95","15","Joukko- ja palveluliikenne :: Taivassalon kunta Asioi Tapahtumat Ota yhteyttä Matkailu Intra 🔒 Verkkokauppa ASUMINEN ympäristö Tekniset palvelut &nbsp; Rakentaminen &nbsp; Tarvittavat luvat &nbsp; Luvan hakeminen &nbsp; Lupapiste - asiointi &nbsp; Poikkeamislupa &nbsp; Rakennusj&auml;rjestys &nbsp; P&auml;&auml;suunnittelija ja ty&ouml;njohtajat &nbsp; Kaavoitus ja paikkatieto &nbsp; Kartta-aineistot &nbsp; Asiakirjat ja lomakkeet &nbsp; Asunnot"
"tammela","https://www.tammela.fi/","","","","","","14",""
"tampere","https://www.tampere.fi/","","","","","","17",""
"tervo","https://www.tervo.fi/","https://www.tervo.fi/asiointiliikenne","200","Asiointiliikenne - Tervo","asiointiliikenne","85","16","Asiointiliikenne - Tervo Siirry sisältöön Asuminen ja ympäristö Sosiaali- ja terveyspalvelut Varhaiskasvatus ja koulutus Vapaa-aika ja hyvinvointi Elinvoima ja yrittäminen Minun kuntani Tervo Asuminen Rakentaminen Vuokra-asunnot Loma-asunto-kodiksi Tontit ja kiinteistöt Vesihuolto Jätehuolto Palo- ja pelastuspalvelut Vikailmoitus Ympäristö Kaavoitus ja maankäyttö Ympäristönsuojelu Tervon ilmastotyö Liikenne ja yleiset alueet Avantouinti Jäähileas"
"tervola","https://tervola.fi","","","","","","14",""
"teuva","https://teuva.fi/","","","","","","14",""
"tohmajärvi","https://www.tohmajarvi.fi/","","","","","","16",""
"toholampi","https://www.toholampi.fi/","","","","","","14",""
"toivakka","https://www.toivakka.fi/","https://www.toivakka.fi/kunta-ja-hallinto/joukkoliikenne/","200","Joukkoliikenne - Toivakka","palveluliikenne; asiointikyyti","115","38","Joukkoliikenne - Toivakka Siirry sisältöön Sulje valikko Verkkokauppa Ajankohtaista Kuulutukset Yhteystiedot Palaute Asuminen &#038; ympäristö Sosiaali &#038; terveys Varhaiskasvatus &#038; opetus Vapaa-aika, kulttuuri &#038; hyvinvointi Työ &#038; yrittäminen Kunta &#038; hallinto FI EN DE Toivakka Hae Tulokset haulle {phrase} Näytetään {results_count} tulosta / {results_count_total} Valikko Verkkokauppa Ajankohtaista Kuulutukset Yhteystiedot Pa"
"tornio","https://www.tornio.fi/","https://www.tornio.fi/asuminen-ja-ymparisto/kadut-ja-liikenne/joukkoliikenne/","200","Julkinen liikenne - Tornio","palveluliikenne","95","18","Julkinen liikenne - Tornio Hae Asiakaspalvelupiste Kompassi Asiakaspalvelupiste Kompassi Palaute Yhteystiedot Karttapalvelu fi fi sv en Sähköinen asiointi Etusivu Asuminen ja ympäristö Asuminen Asumisen tuet Vuokra-asunnot Nuohous Rakennusvalvonta Rakentamisen luvat Rakentamislupa Luvasta vapautettu rakentaminen Maisematyölupa ja puunkaato Sijoittamis- ja poikkeamislupa Rakennusvalvonnan lomakkeet Rakennusjärjestys 2026 Kaavoitus ja mittaus Kaava"
"turku","https://turku.fi","","","","","","17",""
"tuusniemi","https://www.tuusniemi.fi/","https://www.tuusniemi.fi/kymppikyydit-eli-asiointiliikenne","200","Kymppikyydit eli asiointiliikenne - Tuusniemi","asiointiliikenne","85","15","Kymppikyydit eli asiointiliikenne - Tuusniemi Siirry sisältöön Tuusniemen kunta Asuminen ja ympäristö Varhaiskasvatus ja opetus Elinkeinopalvelut ja matkailu Vapaa-aika ja hyvinvointi Info Kunnanjohtajan blogi Päätöksenteko Kokousajat Esityslistat, pöytäkirjat ja viranhaltijapäätökset Kunnanvaltuusto Kunnanhallitus Lautakunnat Kuntatalous Strategiat ja säännöt Sidonnaisuudet Ateriapalvelut Ikäihmisten hyvinvoinnin edistäminen Työllisyyspalvelut H"
"tuusula","https://www.tuusula.fi/","","","","","","14",""
"tyrnävä","https://www.tyrnava.fi/","https://www.tyrnava.fi/asuminen-ja-ymparisto/liikenne/joukkoliikenne.html","200","Joukkoliikenne - Tyrnävän kunta","palveluliikenne","95","15","--> --> Joukkoliikenne - Tyrnävän kunta --> Siirry pääsisältöön (Paina Enter) Asiointi Sentraali Arkisto Kiinteistöjen palvelupyynnöt Laskutusosoite Lomakkeet Lupapiste Talouspalvelut Tilavaraus Edlevo Wilma Digituki Ilmoita väärinkäytöksestä Palaute Palaute ja palvelupyynnöt Kuntalaisaloite Ohjeet palautteen antamiseen Ohje kiinteistöjen palvelupyynnön tekemiseen Ajankohtaista Uutiset Tiedotteet Viralliset kuulutukset Avoimet työpaikat Avoimet t"
"ulvila","https://www.ulvila.fi/","","","","","","15",""
"urjala","https://www.urjala.fi/","https://www.urjala.fi/asu-ja-rakenna/joukkoliikenne/asiointikuljetus/","200","Asiointiliikenne | Urjalan kunta","asiointiliikenne","85","19","Asiointiliikenne | Urjalan kunta Asu ja rakenna Asuminen Jätehuolto Kiinteistönhoito Myytävät tontit Nuohous Vuokra-asunnot Yksityistiet Varautuminen ja väestönsuojat Vesihuolto Urjalan kylät Myytävät asuintontit Omakotitontit Kirkonkylän alue Huhdin alue Peltorinteen alue Kolkan alue Tonttimyynti ja yhteystiedot Varaa aika Varaa tontti Tonttimyynti Asukastarinoita: Meidän Urjala - asumme Pohjantähden alla Marjo ja Jorma Ikävalko Päivi, Lari, Ten"
"utajärvi","https://www.utajarvi.fi/","","","","","","14",""
"utsjoki","https://www.utsjoki.fi/","","","","","","16",""
"uurainen","https://uurainen.fi/","","","","","","14",""
"uusikaarlepyy","https://www.nykarleby.fi/","","","","","","14",""
"uusikaupunki","https://uusikaupunki.fi/","https://uusikaupunki.fi/fi/joukkoliikenne","200","Joukkoliikenne | Uudenkaupungin kaupunki","palveluliikenne; kutsuliikenne","115","21","Joukkoliikenne | Uudenkaupungin kaupunki Hyppää pääsisältöön Uusikaupunki Uudenkaupungin kaupunki UUSIKAUPUNKI fi en Haku Haun kuvaus Takaisin Etusivulle Murupolku Koe kaupunki Vuki - Uudenkaupungin joukkoliikenne Arjen palvelut Kadut ja liikenne Takaisin Joukkoliikenne Haku Haun kuvaus Kuuntele Jaa Facebook Twitter Whatsapp Sähköpostiosoite Copy link Joukkoliikenne Tällä sivulla Loading table of contents Uudenkaupungin joukkoliikenne - Ugin Vuki"
"vaala","https://www.vaala.fi/","https://www.vaala.fi/asiointiliikenne-1-8-alkaen/","200","Asiointiliikenne 1.8. alkaen - Vaalan Kunta","asiointiliikenne","85","18","Asiointiliikenne 1.8. alkaen - Vaalan Kunta Hyppää pääsisältöön Elinvoima Elinkeinopalvelut Yrityshakemisto Ilmoita yrityksesi yrityshakemistoon Yritysneuvonta ja -kehittäminen Oulun seudun uusyrityskeskus Omistajanvaihdospalvelu ELY-keskuksen yritysten kehittämispalvelut Rokua Geopark -yhteismarkkinointi Yrittäjäyhdistys Yrityskiinteistöt Rakentaminen ja asuminen Vaalan Vesi ja Lämpö Oy Tontit Rakennusvalvonta Tiet Yksityistiet Kunnossapito Käve"
"vaasa","https://www.vaasa.fi/","https://www.vaasa.fi/asu-ja-ela/liikenne-ja-kadut/joukkoliikenne/palvelubussit/","200","Palvelubussit | Vaasa","kutsujoukkoliikenne; palvelubussi","85","27","Palvelubussit | Vaasa Ohita valikko Asiointi ja yhteystiedot Asioi verkossa Verkkoasioinnista löydät Vaasan kaupungin digitaaliset palvelut ja asiointikanavat aihealueittain. Verkkoasioinnissa voit muun muassa: Täyttää ja lähettää hakemuksen Varata tiloja ja aineistoja Hakea lupaa tai tehdä ilmoituksen Antaa palautetta kaupungin palveluista Siirry verkkoasiointiin Siirry verkkokauppaan Apua asiointiin Etsitkö Vaasan kaupungin yhteystietoa tai tar"
"valkeakoski","https://www.valkeakoski.fi/","","","","","","14",""
"vantaa","https://www.vantaa.fi/","","","","","","18",""
"varkaus","https://varkaus.fi/","https://varkaus.fi/fi/sivu/kaupunkiymparisto/liikenne","200","Liikenne | Varkaus","palveluliikenne","95","14","Liikenne | Varkaus Hyppää pääsisältöön Varkaus, home page Haku Palautepalvelu Valitse kieli, nykyinen kieli Suomi Suomi English Russian Asuminen ja ympäristö Näytä alavalikko: Asuminen ja ympäristö Asuminen Takaisin Jätehuolto Kaupunginosat ja kylät Vuokra-asunnot Eläimet Rakennusvalvonta Takaisin Asiakirjapyynnöt Katselmukset Lupapäätökset Rakennusjärjestys Rakennusvalvonnan kuulutukset ja lupapäätökset Rakennusvalvonnan ohjeet ja lomakkeet Rake"
"vehmaa","https://www.vehmaa.fi/","","","","","","14",""
"vesanto","https://vesanto.fi/","https://vesanto.fi/kuuslahti-kutsutaksi/","200","Kuuslahti/Kutsutaksi - Vesannon kunta","kutsutaksi; asiointikyyti","85","18","Kuuslahti/Kutsutaksi - Vesannon kunta Siirry sisältöön Menu Etusivu Ajankohtaista Tapahtumat Kuntakorjaamo Yhteystiedot Valikko Etusivu Ajankohtaista Tapahtumat Kuntakorjaamo Yhteystiedot Kasvatus ja koulutus Varhaiskasvatus Päiväkoti Esikko Esiopetus Vauvaraha Vesannon yhtenäiskoulu ja lukio Perusopetus Lukio Vesannon lukio Nuorisotyö Nuorten yökahvila Nuorisovaltuusto Etsivä nuorisotyö Kansalaisopisto Vesannon koululaitoksen 150- ja keskikoulun"
"vesilahti","https://www.vesilahti.fi/","https://www.vesilahti.fi/vapaa-aika/senioripalvelut/asiointiliikenne/","200","Asiointiliikenne - Vesilahti","asiointiliikenne","85","16","Asiointiliikenne - Vesilahti Siirry sisältöön menu search Rajaa hakua expand_more Kaikki sisältö check Yhteystiedot Tapahtumat Hae Kun tuloksia tulee, voit selata niitä nuolinäppäimillä ylös ja alas ja siirtyä halutulle sivulle enterin painalluksella. Kosketusnäytöllisten laitteiden käyttäjät voivat selata tuloksia koskettamalla ja pyyhkäisemällä. Ota yhteyttä Palaute Vikailmoitukset Yhteystiedot Palaute Vikailmoitukset Yhteystiedot Päävalikko As"
"veteli","https://veteli.fi/","","","","","","14",""
"vieremä","https://vierema.fi/","https://vierema.fi/kutsuohjattu-palveluliikenne/","200","Kutsuohjattu palveluliikenne - Vierema","palveluliikenne; asiointiliikenne","135","20","Kutsuohjattu palveluliikenne - Vierema Siirry sisältöön Etusivu Yhteystiedot Verkkokauppa (siirryt toiseen palveluun) Hakusanat Hae Haku Asuminen ja ympäristö Asu vuokralla Tontit ja rakentaminen Kaavoitus Vieremän Lämpö ja Vesi Oy Ympäristö Tiet ja liikenne Turvallisuus ja varautuminen Hallinto ja päätöksenteko Esityslistat, pöytäkirjat, viranhaltijapäätökset ja kuulutukset Organisaatio Päätöksenteko Kunnan strategia ja toimintaohjeet Talous Osa"
"vihti","https://www.vihti.fi/","https://www.vihti.fi/kategoria/liikenne-ja-joukkoliikenne/","200","","palveluliikenne","95","34","Siirry sisältöön A Hieman pienempi fonttikoko A Normaali fonttikoko A Hieman suurempi fonttikoko Yhteystiedot Blogi MENU MENU Asuminen ja ympäristö Asumisen palvelut Maahanmuuttopalvelut Ilmastoystävällisempi Vihti Kaavoitus Kadut ja tiet Liikenne ja joukkoliikenne Puistot ja leikkipaikat Menestyjien puisto Pysäköinti ja ajoneuvojen siirrot Rakentaminen Tontit - löydä Koti Vihdistä Vihdin Vesi Yleiset alueet Ympäristönsuojelu ja -valvonta Ympäris"
"viitasaari","https://viitasaari.fi/","https://viitasaari.fi/?nt_wmc_folder=palveluliikenne","200","Palveluliikenne arkistot - Viitasaari","palveluliikenne","95","20","Palveluliikenne arkistot - Viitasaari Sulje valikko Matkailu Työ ja yrityspalvelut Tule töihin Viitasaarelle Avoimet työpaikat Työllistämisen ja oppisopimuksen kuntalisä Yrittäminen Elinvoimalupaus Tule meille yrittäjäksi Yhteis- ja etätyötila Lennätin Maatalous Lomituspalvelut Työllistäminen Viitasaaren työllisyysyksikkö Kotoutujien työhönvalmennus Paikko® Tuunaripaja Oppisopimus Työkokeilu Yrityshakemisto Työ- ja elinkeinopalvelut (Pohjoisen Ke"
"vimpeli","https://www.vimpeli.fi/","","","","","","14",""
"virolahti","https://virolahti.fi/","https://virolahti.fi/asuminen-ja-ymparisto/ymparisto/joukkoliikenne/","200","Joukkoliikenne ja palveluliikenne - Virolahti","palveluliikenne","95","15","Joukkoliikenne ja palveluliikenne - Virolahti Siirry sisältöön Yhteystiedot Laskutusohje Verkkokauppa Haku Asuminen &#038; ympäristö Asuminen Vuokra-asunnot Kohteet Asunnon hakeminen Vapaat asunnot Vuokravakuus Asukkaalle Asunnon irtisanominen Asiointi ja lomakkeet Hyödyllisiä linkkejä Yhteystiedot Muut vuokra-asunnot Lyhytaikaiseen vuokraukseen kalustetut asunnot Tontit Pajulahti, Raantisenmutka Virojoki, Hevostie Virojoki, Ilmakaari Virojoki, K"
"virrat","https://www.virrat.fi","https://www.virrat.fi/hyvinvoinnin-toimiala134460894/asiointiliikenne/","200","Palveluliikenne | Virtain kaupunki","palveluliikenne","95","16","Palveluliikenne | Virtain kaupunki Etusivu Asuminen ja ympäristö Kaavoitus ja rakentaminen Kaavoitus Rakennusvalvonta Ajankohtaista Rakentamislupa 1.1.2025 alkaen Rakentamisluvasta vapautettu hanke Rakennuksen purkaminen Maisematyölupa Poikkeamislupa Rakennuslupa 31.12.2024 saakka Katselmukset Luvan voimassaoloajan jatkaminen Rakennetun ympäristön valvonta Ohjeita ja lainsäädäntöä Maksut Lomakkeet Rakennusvalvonnan arkisto Voimassa olevat kaavat "
"vårdö","https://www.vardo.ax/","","","","","","14",""
"vöyri","https://www.vora.fi/","","","","","","14",""
"ylitornio","https://ylitornio.fi/","https://ylitornio.fi/asuminen-ja-ymparisto/asiointiliikenne/","200","Asiointiliikenne &#8211; Ylitornio","asiointiliikenne","85","15","Asiointiliikenne &#8211; Ylitornio Tapahtumat Palvelukartta Yhteystiedot Esityslistat Kuulutukset Rakentamisen kuulutukset Search for: Search for: Asuminen ja ympäristö Asiointiliikenne Asuminen ja yhteisöllisyys Ylitornio kuntana Kylät ja kylätoiminta Karttapalvelu InfoGIS Liikenneyhteydet Lapin hyvinvointialue Sähköinen asiointi Vauvaraha Vuokra-asuminen Vikailmoitukset Kaavoitus ja tontit Kiinteistö- ja tonttipörssi Voimassaolevat kaavat Virei"
"ylivieska","https://www.ylivieska.fi/","","","","","","14",""
"ylöjärvi","https://www.ylojarvi.fi/","https://www.ylojarvi.fi/palveluliikenne/","200","Palveluliikenne - Ylöjärvi","palveluliikenne; asiointiliikenne; palvelubussi","155","18","Palveluliikenne - Ylöjärvi Siirry sisältöön Yhteystiedot Henkilöhakemisto Toimipisteet Palaute In English Hae Generic filters Exact matches only Search in title Search in content Search in excerpt Asuminen ja ympäristö 3 Asuminen 3 Asunnot 3 Asumisoikeusasunnot Vuokra-asunnot 3 KAS asunnot Kurun asunnot Nuoriso- ja tukiasunnot Muut vuokra-asunnot Hulevedet Jätehuolto Pihat ja puutarhat 3 Puutarhapalstat Matonpesupaikat Sähkönjakelu Ylöjärven Vesi"
"ypäjä","https://ypaja.fi/","","","","","","14",""
"ähtäri","https://www.ahtari.fi/","","","","","","14",""
"äänekoski","https://www.aanekoski.fi/","https://www.aanekoski.fi/asuminen-ja-ymparisto/kaupunkiymparisto-ja-liikenne/joukkoliikenne","200","Joukkoliikenne","palveluliikenne; asiointiliikenne","135","25","Joukkoliikenne Hyppää pääsisältöön Etusivu Hallinto ja päätökset Asuminen ja ympäristö Työ ja yrittäminen Kasvatus ja koulutus Nuoret ja lapsiperheet Kulttuuri ja liikunta Hyvinvointi ja tuki Toiminnot- ja kohderyhmät valikko Translations powered by Google Palautteet Tapahtumakalenteri Visit Äänekoski Videot Varaa tila Valikko Etusivu Hallinto ja päätökset Kuulutukset ja julkipano Päätökset Toimielimet Hallinto ja talous Osallistu ja vaikuta Tiet"
